elevation_m,slope_deg,flow_accum,hand_m,dist_to_water_m,landcover_class,population_density,rain_24h_mm,rain_72h_mm,depth_m,event,event_name
10.206624031066896,3.806875228881836,7.0,8.566021919250488,42.426406871192846,10.0,0.0,22.54,67.54,0.4834924936294555,lekki_2024_07_03,
8.471419334411621,5.188418865203857,2.0,6.830817222595215,30.0,10.0,0.0,22.54,67.54,0.8416627645492554,lekki_2024_07_03,
7.268098831176758,6.998540878295898,2.0,5.627496719360352,42.426406871192846,10.0,0.0,22.54,67.54,0.911607563495636,lekki_2024_07_03,
3.6838700771331774,3.80706524848938,3.0,2.0432677268981934,67.0820393249937,30.0,0.0,22.54,67.54,0.4772025644779205,lekki_2024_07_03,
3.32330584526062,0.3955620527267456,1.0,1.6827034950256348,80.0,30.0,0.0,22.54,67.54,0.1190322786569595,lekki_2024_07_03,
3.365204095840454,0.1177185997366905,1.0,1.7246017456054688,50.0,30.0,0.0,22.54,67.54,0.0490874983370304,lekki_2024_07_03,
10.844161987304688,6.374205589294434,1.0,9.20355987548828,20.0,10.0,0.0,22.54,67.54,0.4834924936294555,lekki_2024_07_03,
6.492729663848877,7.425682544708252,8.0,4.852127552032471,31.6227766016838,10.0,0.0,22.54,67.54,0.8416627645492554,lekki_2024_07_03,
4.0445661544799805,5.020617485046387,11.0,2.403963804244995,36.05551275463989,10.0,0.0,22.54,67.54,0.911607563495636,lekki_2024_07_03,
3.0543670654296875,1.2823107242584229,15.0,1.4549747705459597,58.30951894845301,30.0,0.0,22.54,67.54,0.4772025644779205,lekki_2024_07_03,
2.8815183639526367,0.3407024443149566,17.0,1.4549548625946045,80.0,30.0,0.0,22.54,67.54,0.1190322786569595,lekki_2024_07_03,
3.095517158508301,0.2394438087940216,59.0,1.45493483543396,58.30951894845301,30.0,0.0,22.54,67.54,0.0490874983370304,lekki_2024_07_03,
8.143335342407227,7.022521018981934,23.0,6.50273323059082,10.0,10.0,0.0,22.54,67.54,0.4834924936294555,lekki_2024_07_03,
4.246466636657715,4.685298442840576,30.0,2.605864286422729,10.0,10.0,0.0,22.54,67.54,0.8416627645492554,lekki_2024_07_03,
3.109460592269897,1.2087507247924805,35.0,1.468858242034912,20.0,30.0,0.0,22.54,67.54,0.911607563495636,lekki_2024_07_03,
2.950643539428711,0.969936192035675,39.0,1.4549747705459597,50.0,30.0,0.0,22.54,67.54,0.4772025644779205,lekki_2024_07_03,
2.960389852523804,1.635769009590149,41.0,1.4549548625946045,50.0,30.0,0.0,22.54,67.54,0.1190322786569595,lekki_2024_07_03,
3.109995126724243,1.089493989944458,1.0,1.4693927764892578,58.30951894845301,30.0,0.0,22.54,67.54,0.1820103079080581,lekki_2024_07_03,
2.974417924880981,0.3244504928588867,1.0,1.333815574645996,36.05551275463989,30.0,0.0,22.54,67.54,0.132922813296318,lekki_2024_07_03,
2.8002278804779053,0.5194932222366333,183.0,1.1713213920593262,20.0,30.0,0.0,22.54,67.54,0.132922813296318,lekki_2024_07_03,
12.566413879394531,10.058653831481934,2.0,8.614104270935059,10.0,10.0,0.0,22.54,67.54,0.012493927963078,lekki_2024_07_03,
9.60104274749756,5.28685998916626,16.0,5.648733139038086,31.6227766016838,10.0,0.0,22.54,67.54,0.012493927963078,lekki_2024_07_03,
11.14185619354248,3.62639045715332,4.0,7.189546585083008,30.0,10.0,0.0,22.54,67.54,0.012493927963078,lekki_2024_07_03,
4.263524532318115,2.682985544204712,1.0,2.62292218208313,36.05551275463989,10.0,0.0,22.54,67.54,0.3803322911262512,lekki_2024_07_03,
3.0672192573547363,1.367136836051941,2.0,1.426616907119751,58.30951894845301,30.0,0.0,22.54,67.54,0.3851993083953857,lekki_2024_07_03,
2.8346142768859863,0.2806536555290222,1.0,1.194011926651001,50.0,30.0,0.0,22.54,67.54,0.3851993083953857,lekki_2024_07_03,
6.226324081420898,8.65701675415039,4.0,2.274014711380005,40.0,10.0,0.0,22.54,67.54,0.012493927963078,lekki_2024_07_03,
6.1138787269592285,4.442678451538086,27.0,2.161569356918335,30.0,10.0,0.0,22.54,67.54,0.012493927963078,lekki_2024_07_03,
10.85056972503662,6.745203018188477,5.0,6.898260116577148,0.0,10.0,0.0,22.54,67.54,0.012493927963078,lekki_2024_07_03,
5.528177261352539,2.2721941471099854,1.0,3.8875749111175537,30.0,10.0,0.0,22.54,67.54,0.5805787444114685,lekki_2024_07_03,
3.3014919757843018,2.705294370651245,2.0,1.6608896255493164,60.0,30.0,0.0,22.54,67.54,0.585445761680603,lekki_2024_07_03,
2.6410913467407227,0.6585023403167725,6.0,1.0004889965057373,41.23105625617661,30.0,0.0,22.54,67.54,0.6070660948753357,lekki_2024_07_03,
2.684894561767578,0.3631982803344726,1.0,1.0442922115325928,14.142135623730953,10.0,0.0,22.54,67.54,0.0264873243868351,lekki_2024_07_03,
2.4215660095214844,0.0897463038563728,190.0,0.780963659286499,22.36067977499789,30.0,0.0,22.54,67.54,0.0216202996671199,lekki_2024_07_03,
3.649585008621216,4.515005111694336,34.0,0.0001999999949475,36.05551275463989,10.0,0.0,22.54,67.54,0.012493927963078,lekki_2024_07_03,
8.422064781188965,9.54851531982422,2.0,4.469755172729492,20.0,10.0,0.0,22.54,67.54,0.012493927963078,lekki_2024_07_03,
13.283506393432615,4.831720352172852,1.0,9.331196784973145,30.0,10.0,0.0,22.54,67.54,0.012493927963078,lekki_2024_07_03,
4.572990417480469,3.655466556549072,1.0,2.9323880672454834,42.426406871192846,10.0,0.0,22.54,67.54,0.4476559460163116,lekki_2024_07_03,
2.770772218704224,2.132734537124634,2.0,1.1301698684692385,36.05551275463989,30.0,0.0,22.54,67.54,0.4525229632854461,lekki_2024_07_03,
2.490843772888184,0.5616116523742676,7.0,0.8502414226531982,36.05551275463989,30.0,0.0,22.54,67.54,0.4741432666778564,lekki_2024_07_03,
2.490311861038208,0.636798620223999,1.0,0.8497095108032227,14.142135623730953,30.0,0.0,22.54,67.54,0.0264873243868351,lekki_2024_07_03,
2.747742176055908,0.0806150436401367,1.0,1.1071398258209229,20.0,30.0,0.0,22.54,67.54,0.0216202996671199,lekki_2024_07_03,
3.018595933914185,2.217381238937378,1.0,1.3779935836791992,50.0,10.0,0.0,22.54,67.54,0.2002464681863784,lekki_2024_07_03,
2.354525566101074,0.8829598426818848,2.0,0.7139232158660889,20.0,30.0,0.0,22.54,67.54,0.2002464681863784,lekki_2024_07_03,
2.1083297729492188,0.3936677575111389,12.0,0.4677274525165558,20.0,30.0,0.0,22.54,67.54,0.2218667715787887,lekki_2024_07_03,
2.0523910522460938,0.653213620185852,2.0,0.4117887318134308,41.23105625617661,90.0,0.0,22.54,67.54,0.0216202996671199,lekki_2024_07_03,
2.440702438354492,0.8508071303367615,1.0,0.8001000881195068,20.0,30.0,0.0,22.54,67.54,0.0216202996671199,lekki_2024_07_03,
1.7189182043075562,0.6450598835945129,2.0,0.078315868973732,10.0,30.0,0.0,22.54,67.54,0.0330650024116039,lekki_2024_07_03,
1.7255446910858154,0.670203685760498,3.0,0.0849423557519912,10.0,30.0,0.0,22.54,67.54,0.0330650024116039,lekki_2024_07_03,
1.7867414951324463,0.2814679145812988,26.0,0.1461391597986221,22.36067977499789,30.0,0.0,22.54,67.54,0.0294840075075626,lekki_2024_07_03,
1.4608492851257324,0.1342013031244278,12.0,0.0001300000003539,10.0,30.0,0.0,22.54,67.54,0.016682518646121,lekki_2024_07_03,
1.4286203384399414,0.2165954262018203,3.0,0.0001300000003539,20.0,30.0,0.0,22.54,67.54,0.0461665242910385,lekki_2024_07_03,
1.460188627243042,0.5600355267524719,31.0,0.0001300000003539,41.23105625617661,30.0,0.0,22.54,67.54,0.0457097440958023,lekki_2024_07_03,
2.0158441066741943,0.8259413242340088,1.0,0.3752417862415313,22.36067977499789,30.0,0.0,22.54,67.54,0.0294840075075626,lekki_2024_07_03,
1.5043466091156006,0.0295885559171438,234.0,9.999999747378752e-05,31.6227766016838,30.0,0.0,22.54,67.54,0.016682518646121,lekki_2024_07_03,
1.486725091934204,0.1526267528533935,1.0,0.0001100000008591,36.05551275463989,30.0,0.0,22.54,67.54,0.0461665242910385,lekki_2024_07_03,
1.6005277633666992,0.8139788508415222,33.0,0.0001100000008591,58.30951894845301,30.0,0.0,22.54,67.54,0.0457097440958023,lekki_2024_07_03,
2.271181106567383,0.7770246267318726,1.0,0.6305787563323975,50.99019513592785,30.0,0.0,22.54,67.54,0.0294840075075626,lekki_2024_07_03,
1.9001410007476809,0.354278028011322,3.0,0.2596886754035949,28.284271247461906,30.0,0.0,22.54,67.54,0.0107958717271685,lekki_2024_07_03,
1.8920131921768188,0.3286124169826507,19.0,0.2515608668327331,10.0,90.0,0.0,22.54,67.54,0.0638646036386489,lekki_2024_07_03,
1.9387333393096924,0.5139853954315186,1.0,0.2982810139656067,31.6227766016838,30.0,0.0,22.54,67.54,0.0638646036386489,lekki_2024_07_03,
1.6972609758377075,0.4140013456344604,7.0,0.0568386390805244,53.85164807134504,30.0,0.0,22.54,67.54,0.0530687309801578,lekki_2024_07_03,
2.170620441436768,0.988239049911499,1.0,5.999999848427251e-05,50.0,30.0,0.0,22.54,67.54,0.0500750020146369,lekki_2024_07_03,
2.281208276748657,0.4795652329921722,1.0,0.6406059265136719,31.6227766016838,30.0,0.0,22.54,67.54,0.0655137598514556,lekki_2024_07_03,
2.09204649925232,1.2202622890472412,2.0,0.4514441788196563,10.0,30.0,0.0,22.54,67.54,0.0655137598514556,lekki_2024_07_03,
1.838605165481568,0.3105427920818329,8.0,0.1980028301477432,31.6227766016838,30.0,0.0,22.54,67.54,0.0154387550428509,lekki_2024_07_03,
1.483953595161438,0.219405859708786,239.0,7.999999797903001e-05,60.82762530298219,30.0,0.0,22.54,67.54,0.013835284858942,lekki_2024_07_03,
1.5609837770462036,0.3668478727340698,36.0,9.000000136438757e-05,42.426406871192846,30.0,0.0,22.54,67.54,0.013835284858942,lekki_2024_07_03,
1.842489242553711,0.7914162278175354,2.0,0.2018869072198867,30.0,30.0,0.0,22.54,67.54,0.0133785009384155,lekki_2024_07_03,
1.667325735092163,0.4107623994350433,4.0,0.0268734004348516,50.0,30.0,0.0,22.54,67.54,0.0107958717271685,lekki_2024_07_03,
1.5701628923416138,0.5683350563049316,24.0,7.999999797903001e-05,40.0,30.0,0.0,22.54,67.54,0.0638646036386489,lekki_2024_07_03,
1.461114764213562,0.5265988707542419,2.0,5.999999848427251e-05,50.0,30.0,0.0,22.54,67.54,0.0638646036386489,lekki_2024_07_03,
1.4838805198669434,0.2040117979049682,8.0,7.000000186963007e-05,36.05551275463989,30.0,0.0,22.54,67.54,0.0530687309801578,lekki_2024_07_03,
2.752084970474243,0.0588000081479549,1.0,0.5384671688079834,63.24555320336759,30.0,0.0,22.54,67.54,0.1176736056804657,lekki_2024_07_03,
2.301409959793091,0.7562293410301208,1.0,0.6608076095581055,36.05551275463989,30.0,0.0,22.54,67.54,0.1428577750921249,lekki_2024_07_03,
1.9530977010726929,0.2976385354995727,3.0,0.3124953806400299,20.0,90.0,0.0,22.54,67.54,0.1428577750921249,lekki_2024_07_03,
2.022737741470337,0.1736902147531509,1.0,0.3821354210376739,36.05551275463989,90.0,0.0,22.54,67.54,0.025184167549014,lekki_2024_07_03,
1.3317303657531738,0.0800340995192527,253.0,7.000000186963007e-05,60.0,30.0,0.0,22.54,67.54,0.0278480574488639,lekki_2024_07_03,
1.3251265287399292,0.5579362511634827,38.0,7.000000186963007e-05,30.0,30.0,0.0,22.54,67.54,0.0278480574488639,lekki_2024_07_03,
1.7710156440734863,0.7488267421722412,1.0,0.1304133087396621,0.0,30.0,0.0,22.54,67.54,0.0278480574488639,lekki_2024_07_03,
1.4777584075927734,0.3426640927791595,7.0,2.999999924213625e-05,22.36067977499789,30.0,0.0,22.54,67.54,0.0107958717271685,lekki_2024_07_03,
1.3186880350112915,0.2542100846767425,1.0,7.999999797903001e-05,44.7213595499958,30.0,0.0,22.54,67.54,0.0638646036386489,lekki_2024_07_03,
1.3808295726776123,0.1886027157306671,26.0,4.999999873689376e-05,60.0,30.0,0.0,22.54,67.54,0.0638646036386489,lekki_2024_07_03,
1.4905253648757937,0.0579242892563343,29.0,2.999999924213625e-05,30.0,30.0,0.0,22.54,67.54,0.0530687309801578,lekki_2024_07_03,
1.9776538610458367,0.4243678748607635,17667.0,0.0,40.0,10.0,0.0,22.54,67.54,0.0307802632451057,lekki_2024_07_03,
2.2135977745056152,0.4892694056034088,17669.0,0.0,64.03124237432849,10.0,0.0,22.54,67.54,0.232629120349884,lekki_2024_07_03,
2.143697500228882,0.4173866808414459,17672.0,0.0,58.30951894845301,10.0,0.0,22.54,67.54,0.4237164258956909,lekki_2024_07_03,
1.9366416931152344,0.1162310242652893,17673.0,0.0,50.0,90.0,0.0,22.54,67.54,0.4319374859333038,lekki_2024_07_03,
2.02435040473938,0.3259720504283905,1.0,0.351012110710144,58.30951894845301,90.0,0.0,22.54,67.54,0.2300886511802673,lekki_2024_07_03,
1.9425729513168333,0.5034258961677551,1.0,0.301840603351593,78.10249675906654,90.0,0.0,22.54,67.54,0.0390013456344604,lekki_2024_07_03,
1.6684308052062988,0.3943206369876861,1.0,0.0278284698724746,53.85164807134504,10.0,0.0,22.54,67.54,0.0152436094358563,lekki_2024_07_03,
1.399066686630249,0.5066106915473938,2.0,7.000000186963007e-05,50.0,30.0,0.0,22.54,67.54,0.043091669678688,lekki_2024_07_03,
1.1550379991531372,0.2642295062541961,294.0,4.999999873689376e-05,42.426406871192846,30.0,0.0,22.54,67.54,0.043091669678688,lekki_2024_07_03,
1.6679872274398804,0.564824640750885,1.0,0.0273848921060562,30.0,30.0,0.0,22.54,67.54,0.0278480574488639,lekki_2024_07_03,
7.207669734954834,4.920831680297852,1.0,3.2553603649139404,70.0,10.0,0.0,22.54,67.54,0.0573486238718032,lekki_2024_07_03,
7.934416770935059,2.959946393966675,1.0,3.982107400894165,60.82762530298219,10.0,0.0,22.54,67.54,0.0573486238718032,lekki_2024_07_03,
8.858912467956543,1.15333092212677,1.0,4.90660285949707,22.36067977499789,10.0,0.0,22.54,67.54,0.0573486238718032,lekki_2024_07_03,
2.531567335128784,0.9296343922615052,1.0,0.3179195523262024,22.36067977499789,10.0,0.0,22.54,67.54,0.0307802632451057,lekki_2024_07_03,
2.254544973373413,0.5450689792633057,2.0,0.1108474731445312,42.426406871192846,10.0,0.0,22.54,67.54,0.1825541108846664,lekki_2024_07_03,
2.6528472900390625,1.2226104736328125,1.0,0.9795089960098268,67.0820393249937,10.0,0.0,22.54,67.54,0.5159165263175964,lekki_2024_07_03,
1.917296290397644,0.915038764476776,2.0,0.2439579963684082,80.0,30.0,0.0,22.54,67.54,0.5443909168243408,lekki_2024_07_03,
1.6733382940292358,0.541290283203125,17677.0,0.0,85.44003745317531,90.0,0.0,22.54,67.54,0.3926171064376831,lekki_2024_07_03,
1.542986512184143,0.4828526675701141,17679.0,0.0,82.46211251235322,30.0,0.0,22.54,67.54,0.0592546612024307,lekki_2024_07_03,
1.6461037397384644,0.2025149017572403,1.0,0.0055014044046401,28.284271247461906,10.0,0.0,22.54,67.54,0.0183675810694694,lekki_2024_07_03,
1.5089112520217896,0.3836904764175415,2.0,7.000000186963007e-05,20.0,30.0,0.0,22.54,67.54,0.0454818792641162,lekki_2024_07_03,
1.2361458539962769,0.1908178925514221,1.0,4.999999873689376e-05,30.0,30.0,0.0,22.54,67.54,0.0454818792641162,lekki_2024_07_03,
1.4757944345474243,0.4805728197097778,296.0,2.999999924213625e-05,30.0,30.0,0.0,22.54,67.54,0.0271142981946468,lekki_2024_07_03,
8.255301475524902,2.441393613815308,1.0,4.30299186706543,76.15773105863909,10.0,0.0,22.54,67.54,0.0573486238718032,lekki_2024_07_03,
7.739163875579834,1.4315025806427002,1.0,3.786854505538941,70.0,10.0,0.0,22.54,67.54,0.0573486238718032,lekki_2024_07_03,
7.091812133789063,2.940279960632324,6.0,3.231563091278076,30.0,10.0,0.0,22.54,67.54,0.0573486238718032,lekki_2024_07_03,
2.9597625732421875,0.6530290842056274,1.0,0.746094822883606,0.0,10.0,0.0,22.54,67.54,0.0307802632451057,lekki_2024_07_03,
2.785211563110352,0.4945286810398102,1.0,0.6415140628814697,30.0,10.0,0.0,22.54,67.54,0.1149555072188377,lekki_2024_07_03,
3.4104244709014893,0.7887060046195984,1.0,1.769732117652893,60.0,10.0,0.0,22.54,67.54,0.5001834630966187,lekki_2024_07_03,
1.990999460220337,1.761744737625122,3.0,0.3503071367740631,90.0,30.0,0.0,22.54,67.54,0.5286579132080078,lekki_2024_07_03,
1.5809259414672852,0.4861441850662231,11.0,5.999999848427251e-05,110.4536101718726,30.0,0.0,22.54,67.54,0.4444826543331146,lekki_2024_07_03,
1.4776411056518557,0.2519310712814331,12.0,3.9999998989515007e-05,80.62257748298549,30.0,0.0,22.54,67.54,0.0592546612024307,lekki_2024_07_03,
1.4607151746749878,0.2157514095306396,17696.0,0.0,22.36067977499789,10.0,0.0,22.54,67.54,0.0183675810694694,lekki_2024_07_03,
1.432599425315857,0.2319342792034149,1.0,7.000000186963007e-05,0.0,30.0,0.0,22.54,67.54,0.0183675810694694,lekki_2024_07_03,
1.356899380683899,0.2164486944675445,4.0,3.9999998989515007e-05,0.0,30.0,0.0,22.54,67.54,0.0183675810694694,lekki_2024_07_03,
8.593184471130371,0.6243969202041626,1.0,4.640874862670898,80.62257748298549,10.0,0.0,22.54,67.54,0.0573486238718032,lekki_2024_07_03,
6.933300495147705,2.693154573440552,2.0,3.2315831184387207,70.71067811865476,10.0,0.0,22.54,67.54,0.0573486238718032,lekki_2024_07_03,
5.704822540283203,1.5604523420333862,2.0,3.2315831184387207,31.6227766016838,10.0,0.0,22.54,67.54,0.0573486238718032,lekki_2024_07_03,
6.23861026763916,3.867182493209839,1.0,3.909050464630127,36.05551275463989,10.0,0.0,22.54,67.54,0.0360217876732349,lekki_2024_07_03,
5.102240085601807,3.765835285186768,1.0,2.772680282592773,58.30951894845301,10.0,0.0,22.54,67.54,0.0360217876732349,lekki_2024_07_03,
3.33079481124878,2.1636557579040527,22.0,1.001254916191101,70.71067811865476,10.0,0.0,22.54,67.54,0.0360217876732349,lekki_2024_07_03,
2.9430055618286133,0.737463116645813,1.0,1.302313208580017,67.0820393249937,10.0,0.0,22.54,67.54,0.2193248569965362,lekki_2024_07_03,
2.3885068893432617,1.4734035730361938,3.0,0.7478145360946655,94.8683298050514,30.0,0.0,22.54,67.54,0.2395781725645065,lekki_2024_07_03,
1.7632057666778564,1.1053084135055542,7.0,0.1225134283304214,117.04699910719626,10.0,0.0,22.54,67.54,0.2395781725645065,lekki_2024_07_03,
1.785715103149414,0.4564503729343414,1.0,0.1450527608394622,89.44271909999159,10.0,0.0,22.54,67.54,0.0202533137053251,lekki_2024_07_03,
4.95509672164917,1.3459166288375854,1.0,1.998462557792664,85.44003745317531,10.0,0.0,22.54,67.54,0.0382558777928352,lekki_2024_07_03,
3.661019802093506,2.216440200805664,3.0,0.7043855786323547,58.30951894845301,10.0,0.0,22.54,67.54,0.0382558777928352,lekki_2024_07_03,
2.80847716331482,1.0085970163345337,65.0,0.000159999995958,36.05551275463989,10.0,0.0,22.54,67.54,0.0382558777928352,lekki_2024_07_03,
3.6130690574646,3.2137858867645264,2.0,1.2835091352462769,20.0,10.0,0.0,22.54,67.54,0.0837853774428367,lekki_2024_07_03,
3.2888729572296143,2.509528636932373,24.0,0.9593130946159364,50.0,10.0,0.0,22.54,67.54,0.0837853774428367,lekki_2024_07_03,
3.5671169757843018,0.3576855361461639,1.0,1.237557053565979,80.0,10.0,0.0,22.54,67.54,0.0837853774428367,lekki_2024_07_03,
3.6704041957855225,1.6932010650634766,2.0,1.3408442735671997,107.70329614269008,10.0,0.0,22.54,67.54,0.1178523674607276,lekki_2024_07_03,
5.107084274291992,0.6720818281173706,1.0,2.777524471282959,114.0175425099138,10.0,0.0,22.54,67.54,0.2134801596403122,lekki_2024_07_03,
4.370540618896484,2.252631902694702,1.0,2.041090726852417,85.44003745317531,10.0,0.0,22.54,67.54,0.2134801596403122,lekki_2024_07_03,
2.690991878509521,1.9343763589859009,2.0,0.3615420162677765,58.30951894845301,10.0,0.0,22.54,67.54,0.0956277847290039,lekki_2024_07_03,
2.6332709789276123,0.1834043264389038,2.0,0.992578625679016,82.46211251235322,30.0,0.0,22.54,67.54,0.0616109631955623,lekki_2024_07_03,
3.041720151901245,2.2851767539978027,2.0,1.401027798652649,108.16653826391968,10.0,0.0,22.54,67.54,0.0616109631955623,lekki_2024_07_03,
2.6012141704559326,2.7857792377471924,1.0,0.9605218172073364,123.6931687685298,10.0,0.0,22.54,67.54,0.0616109631955623,lekki_2024_07_03,
3.7928388118743896,1.97979736328125,1.0,0.8362045884132385,80.0,10.0,0.0,22.54,67.54,0.0382558777928352,lekki_2024_07_03,
3.3167169094085693,1.4320063591003418,1.0,0.3600827157497406,50.0,10.0,0.0,22.54,67.54,0.0382558777928352,lekki_2024_07_03,
2.624196767807007,0.348755419254303,70.0,0.0001400000037392,20.0,30.0,0.0,22.54,67.54,0.0382558777928352,lekki_2024_07_03,
2.840537548065185,1.7978836297988892,35.0,0.5109776854515076,28.284271247461906,10.0,0.0,22.54,67.54,0.0837853774428367,lekki_2024_07_03,
2.410665273666382,1.0663864612579346,64.0,0.0811054110527038,53.85164807134504,10.0,0.0,22.54,67.54,0.0837853774428367,lekki_2024_07_03,
3.292500257492065,1.507091999053955,1.0,0.9629403948783876,80.62257748298549,10.0,0.0,22.54,67.54,0.0837853774428367,lekki_2024_07_03,
3.74386477470398,0.9925288558006288,1.0,1.4143048524856567,98.99494936611666,10.0,0.0,22.54,67.54,0.1178523674607276,lekki_2024_07_03,
4.046412944793701,2.4264841079711914,1.0,1.7168530225753784,110.0,10.0,0.0,22.54,67.54,0.2134801596403122,lekki_2024_07_03,
3.509890556335449,2.4313981533050537,1.0,1.1803706884384155,80.0,10.0,0.0,22.54,67.54,0.2134801596403122,lekki_2024_07_03,
2.215904235839844,1.127537727355957,17432.0,0.0,50.0,10.0,0.0,22.54,67.54,0.0956277847290039,lekki_2024_07_03,
2.8684675693511963,1.1670867204666138,74.0,9.999999747378752e-05,85.44003745317531,30.0,0.0,22.54,67.54,0.0382558777928352,lekki_2024_07_03,
2.6650898456573486,1.1538519859313965,72.0,0.0001199999969685,58.30951894845301,30.0,0.0,22.54,67.54,0.0382558777928352,lekki_2024_07_03,
2.569195508956909,0.2153887748718261,4.0,0.0001400000037392,36.05551275463989,30.0,0.0,22.54,67.54,0.0382558777928352,lekki_2024_07_03,
2.842376947402954,1.2472755908966064,3.0,0.000159999995958,31.6227766016838,30.0,0.0,22.54,67.54,0.0224208030849695,lekki_2024_07_03,
3.905004978179932,2.0262351036071777,2.0,0.9483707547187804,50.0,30.0,0.0,22.54,67.54,0.0901465117931366,lekki_2024_07_03,
4.988442897796631,1.9690037965774536,1.0,2.031808614730835,76.15773105863909,30.0,0.0,22.54,67.54,0.1643031686544418,lekki_2024_07_03,
5.65944766998291,1.8931286334991453,1.0,2.7028133869171143,70.0,30.0,0.0,22.54,67.54,0.1474144756793975,lekki_2024_07_03,
4.994553565979004,1.5132933855056765,1.0,1.0422440767288208,70.71067811865476,30.0,0.0,22.54,67.54,0.0796887576580047,lekki_2024_07_03,
2.700628757476806,1.818574905395508,2.0,0.3710688948631286,22.36067977499789,10.0,0.0,22.54,67.54,0.0477635860443115,lekki_2024_07_03,
2.238687038421631,0.4920170903205871,67.0,7.999999797903001e-05,41.23105625617661,10.0,0.0,22.54,67.54,0.0477635860443115,lekki_2024_07_03,
2.6538729667663574,1.180627942085266,1.0,0.3243131041526794,56.56854249492381,10.0,0.0,22.54,67.54,0.0477635860443115,lekki_2024_07_03,
2.919441699981689,1.0003604888916016,1.0,0.5898818373680115,80.62257748298549,10.0,0.0,22.54,67.54,0.1178523674607276,lekki_2024_07_03,
2.514845132827759,1.6812649965286257,3.0,0.1852852702140808,114.0175425099138,10.0,0.0,22.54,67.54,0.2134801596403122,lekki_2024_07_03,
2.5128040313720703,1.2227200269699097,1.0,0.1832641661167144,85.44003745317531,10.0,0.0,22.54,67.54,0.2134801596403122,lekki_2024_07_03,
2.029191493988037,0.1182558983564376,17430.0,0.0,58.30951894845301,10.0,0.0,22.54,67.54,0.0956277847290039,lekki_2024_07_03,
2.966195583343506,1.2291325330734253,1.0,0.0095613813027739,60.82762530298219,30.0,0.0,22.54,67.54,0.13431017100811,lekki_2024_07_03,
3.703217744827272,1.6179137229919434,1.0,0.7465835213661194,72.11102550927978,30.0,0.0,22.54,67.54,0.3720920085906982,lekki_2024_07_03,
4.37891149520874,1.8658074140548704,2.0,1.422277331352234,92.19544457292886,30.0,0.0,22.54,67.54,0.5893523097038269,lekki_2024_07_03,
4.992037773132324,1.3120275735855105,1.0,2.0354034900665283,100.0,30.0,0.0,22.54,67.54,0.5194535255432129,lekki_2024_07_03,
4.944764614105225,0.8407303690910339,1.0,1.9881304502487185,94.33981132056604,30.0,0.0,22.54,67.54,0.2816716730594635,lekki_2024_07_03,
5.726186275482178,2.435598373413086,1.0,1.7738767862319946,80.62257748298549,30.0,0.0,22.54,67.54,0.0644113719463348,lekki_2024_07_03,
2.138911008834839,0.5217235684394836,1.0,0.0001199999969685,102.95630140987,30.0,0.0,22.54,67.54,0.0138497613370418,lekki_2024_07_03,
2.263111352920532,0.2771810293197632,1.0,0.0001400000037392,92.19544457292886,30.0,0.0,22.54,67.54,0.0463980846107006,lekki_2024_07_03,
2.361436128616333,0.740788459777832,1.0,0.000159999995958,90.55385138137416,30.0,0.0,22.54,67.54,0.3286141753196716,lekki_2024_07_03,
2.898000717163086,1.5323320627212524,6.0,0.0001800000027287,98.48857801796105,10.0,0.0,22.54,67.54,0.6842060089111328,lekki_2024_07_03,
3.457937717437744,2.135316610336304,2.0,0.501303493976593,114.0175425099138,30.0,0.0,22.54,67.54,1.0742286443710327,lekki_2024_07_03,
4.371514797210693,2.316871404647827,2.0,1.414880633354187,130.0,30.0,0.0,22.54,67.54,0.964385449886322,lekki_2024_07_03,
5.517464637756348,1.6224756240844729,1.0,2.560830354690552,120.83045973594572,30.0,0.0,22.54,67.54,0.5949438214302063,lekki_2024_07_03,
6.047378063201904,1.5423028469085691,1.0,3.0907437801361084,110.4536101718726,30.0,0.0,22.54,67.54,0.1723729223012924,lekki_2024_07_03,
2.403992414474488,1.947467565536499,117.0,0.0001199999969685,130.0,30.0,0.0,22.54,67.54,0.0138497613370418,lekki_2024_07_03,
2.2793445587158203,0.4905034899711609,108.0,0.0001300000003539,121.65525060596438,30.0,0.0,22.54,67.54,0.0502666383981704,lekki_2024_07_03,
2.489084482192993,0.4054208993911743,97.0,0.0001500000071246,120.41594578792296,30.0,0.0,22.54,67.54,0.4165713191032409,lekki_2024_07_03,
2.4795491695404053,0.1344906240701675,76.0,0.0001800000027287,126.49110640673518,30.0,0.0,22.54,67.54,0.776657223701477,lekki_2024_07_03,
2.6257646083831787,1.0824506282806396,75.0,0.0001999999949475,138.92443989449805,30.0,0.0,22.54,67.54,1.2977793216705322,lekki_2024_07_03,
3.601384162902832,1.85954749584198,33.0,0.6447499394416809,156.20499351813308,30.0,0.0,22.54,67.54,1.180668592453003,lekki_2024_07_03,
4.47752571105957,1.8578556776046755,31.0,1.520891547203064,148.66068747318505,30.0,0.0,22.54,67.54,0.8067328929901123,lekki_2024_07_03,
5.449179649353027,2.073336601257324,29.0,2.492565393447876,140.356688476182,30.0,0.0,22.54,67.54,0.24919393658638,lekki_2024_07_03,
2.780337333679199,1.7993475198745728,6.0,0.0001400000037392,147.648230602334,30.0,0.0,22.54,67.54,0.0138497613370418,lekki_2024_07_03,
2.7820193767547607,1.4551316499710083,2.0,0.0001400000037392,161.24515496597098,30.0,0.0,22.54,67.54,0.0502666383981704,lekki_2024_07_03,
2.7472023963928223,0.4905520379543304,9.0,0.000159999995958,160.312195418814,30.0,0.0,22.54,67.54,0.3046819567680359,lekki_2024_07_03,
2.852118015289306,1.30004620552063,14.0,0.0001800000027287,164.92422502470643,30.0,0.0,22.54,67.54,0.4947117269039154,lekki_2024_07_03,
3.160724878311157,2.10489821434021,3.0,0.2040906697511673,174.6424919657298,30.0,0.0,22.54,67.54,0.973113477230072,lekki_2024_07_03,
3.631483554840088,2.616666078567505,39.0,0.6748493313789368,186.0107523773828,30.0,0.0,22.54,67.54,1.0693484544754028,lekki_2024_07_03,
4.772428035736084,1.9383816719055176,3.0,1.8157938718795776,162.78820596099706,30.0,0.0,22.54,67.54,0.8654689788818359,lekki_2024_07_03,
5.513606071472168,1.0517983436584473,1.0,2.556971788406372,136.01470508735443,30.0,0.0,22.54,67.54,0.3506503701210022,lekki_2024_07_03,
3.010282278060913,2.6593925952911377,8.0,0.0536480769515037,190.26297590440447,30.0,0.0,22.54,67.54,0.1103779450058937,lekki_2024_07_03,
3.810702562332153,3.1809229850769043,10.0,0.8540683388710022,194.164878389476,10.0,17.858552932739258,22.54,67.54,0.1825976967811584,lekki_2024_07_03,
4.744457721710205,3.453287124633789,2.0,1.7878235578536987,196.9771560359221,10.0,17.858552932739258,22.54,67.54,0.5772959589958191,lekki_2024_07_03,
5.899631500244141,3.854873418807984,1.0,2.9429972171783447,170.0,10.0,17.858552932739258,22.54,67.54,0.7134754061698914,lekki_2024_07_03,
5.36005973815918,1.947957992553711,34.0,2.403425455093384,144.22205101855957,10.0,0.0,22.54,67.54,0.6412556171417236,lekki_2024_07_03,
6.39007568359375,1.647619128227234,1.0,3.433441400527954,113.1370849898476,10.0,0.0,22.54,67.54,0.2426888197660446,lekki_2024_07_03,
4.698532104492188,2.802607297897339,1.0,2.368892192840576,50.99019513592785,10.0,0.0,22.54,67.54,0.0832854360342025,lekki_2024_07_03,
5.73099422454834,1.358493447303772,1.0,3.401454448699951,30.0,10.0,0.0,22.54,67.54,0.0832854360342025,lekki_2024_07_03,
5.6680097579956055,0.919302761554718,1.0,3.338469982147217,0.0,10.0,0.0,22.54,67.54,0.0832854360342025,lekki_2024_07_03,
6.222454071044922,3.0505142211914062,7.0,3.265819787979126,186.81541692269408,30.0,17.858552932739258,22.54,67.54,0.1894420981407165,lekki_2024_07_03,
7.724162578582764,2.507216453552246,1.0,4.767528533935547,158.11388300841895,30.0,17.858552932739258,22.54,67.54,0.3497778177261352,lekki_2024_07_03,
6.803081035614014,2.6397600173950195,32.0,3.8464467525482178,130.0,30.0,0.0,22.54,67.54,0.3497778177261352,lekki_2024_07_03,
7.275265693664551,1.8250162601470947,1.0,4.318631649017334,94.33981132056604,30.0,0.0,22.54,67.54,0.1603357046842575,lekki_2024_07_03,
3.6038196086883545,3.254607915878296,1.0,1.2741397619247437,28.284271247461906,10.0,0.0,22.54,67.54,0.0832854360342025,lekki_2024_07_03,
4.981425285339356,3.290826797485352,1.0,2.6517255306243896,31.6227766016838,10.0,0.0,22.54,67.54,0.0832854360342025,lekki_2024_07_03,
5.379150390625,2.275348901748657,1.0,3.049450635910034,10.0,10.0,0.0,22.54,67.54,0.0832854360342025,lekki_2024_07_03,
7.386848449707031,2.1502366065979004,5.0,4.430214405059815,181.10770276274835,30.0,17.858552932739258,22.54,67.54,0.0890588238835334,lekki_2024_07_03,
8.525691986083984,0.918152391910553,1.0,5.569057941436768,151.32745950421557,30.0,17.858552932739258,22.54,67.54,0.0890588238835334,lekki_2024_07_03,
8.156113624572754,1.387407898902893,1.0,5.199479579925537,121.65525060596438,30.0,0.0,22.54,67.54,0.0890588238835334,lekki_2024_07_03,
5.673018932342529,6.4673614501953125,1.0,3.343358993530273,42.426406871192846,10.0,0.0,22.54,67.54,0.427790492773056,lekki_2024_07_03,
2.1652181148529053,3.3823392391204834,8.0,1.9999999494757503e-05,41.23105625617661,10.0,0.0,22.54,67.54,0.427790492773056,lekki_2024_07_03,
2.055636167526245,0.4716461300849914,17245.0,0.0,14.142135623730953,10.0,0.0,22.54,67.54,0.427790492773056,lekki_2024_07_03,
2.3529741764068604,1.4660005569458008,2.0,0.023294311016798,22.36067977499789,10.0,0.0,22.54,67.54,0.0832854360342025,lekki_2024_07_03,
2.677956342697144,2.917697191238404,2.0,0.3482564687728882,36.05551275463989,10.0,0.0,22.54,67.54,0.0832854360342025,lekki_2024_07_03,
3.401357412338257,3.3509535789489746,2.0,1.0716575384140017,20.0,10.0,0.0,22.54,67.54,0.0832854360342025,lekki_2024_07_03,
6.143990993499756,6.7332024574279785,1.0,3.8143310546875,56.56854249492381,10.0,0.0,22.54,67.54,0.427790492773056,lekki_2024_07_03,
2.2938766479492188,3.9357523918151855,6.0,3.9999998989515007e-05,53.85164807134504,10.0,0.0,22.54,67.54,0.427790492773056,lekki_2024_07_03,
1.9239901304244995,0.3149214386940002,43.0,1.9999999494757503e-05,28.284271247461906,10.0,0.0,22.54,67.54,0.427790492773056,lekki_2024_07_03,
6.765023708343506,3.734762191772461,1.0,4.25938892364502,194.164878389476,10.0,0.0,22.54,67.54,0.0181183815002441,lekki_2024_07_03,
7.978242874145508,4.914427280426025,1.0,5.4726080894470215,202.48456731316588,10.0,0.0,22.54,67.54,0.3889645338058471,lekki_2024_07_03,
8.806029319763184,3.517085313796997,1.0,6.300394535064697,194.164878389476,10.0,0.0,22.54,67.54,0.3889645338058471,lekki_2024_07_03,
8.363973617553711,1.972434878349304,1.0,5.858338832855225,190.26297590440447,10.0,0.0,22.54,67.54,0.370846152305603,lekki_2024_07_03,
9.247825622558594,2.52813458442688,1.0,6.918145656585693,31.6227766016838,30.0,0.0,22.54,67.54,0.1185079142451286,lekki_2024_07_03,
8.676761627197266,4.604348182678223,1.0,6.347081661224365,10.0,10.0,0.0,22.54,67.54,0.2669154405593872,lekki_2024_07_03,
7.093762874603272,5.479571342468262,1.0,4.764102935791016,14.142135623730953,10.0,0.0,22.54,67.54,0.2669154405593872,lekki_2024_07_03,
4.007141590118408,5.166900634765625,3.0,1.677481770515442,36.05551275463989,10.0,0.0,22.54,67.54,0.5761979818344116,lekki_2024_07_03,
2.3869738578796387,2.1146020889282227,4.0,0.0573139935731887,50.0,10.0,0.0,22.54,67.54,0.427790492773056,lekki_2024_07_03,
1.7455650568008425,0.3607236444950104,42.0,3.9999998989515007e-05,20.0,10.0,0.0,22.54,67.54,0.427790492773056,lekki_2024_07_03,
3.421683549880981,3.175288438796997,1.0,0.9160485863685608,160.312195418814,10.0,21.705610275268555,22.54,67.54,0.1899527460336685,lekki_2024_07_03,
4.357202053070068,3.901775360107422,2.0,1.851567029953003,188.67962264113208,10.0,0.0,22.54,67.54,0.4199530184268951,lekki_2024_07_03,
4.194136619567871,5.245087623596191,2.0,1.6885015964508057,174.6424919657298,10.0,0.0,22.54,67.54,0.8710537552833557,lekki_2024_07_03,
5.468413829803467,5.84507417678833,2.0,2.9627788066864014,164.92422502470643,10.0,0.0,22.54,67.54,0.6811010241508484,lekki_2024_07_03,
5.759788036346436,5.191900253295898,3.0,3.25415301322937,160.312195418814,10.0,0.0,22.54,67.54,0.4511007368564605,lekki_2024_07_03,
7.0970964431762695,3.6835455894470215,2.0,4.767416477203369,36.05551275463989,10.0,0.0,22.54,67.54,0.1185079142451286,lekki_2024_07_03,
6.030525207519531,1.8015570640563965,27.0,3.700845241546631,20.0,10.0,0.0,22.54,67.54,0.2669154405593872,lekki_2024_07_03,
5.758095264434815,2.8620550632476807,28.0,3.428415298461914,10.0,10.0,0.0,22.54,67.54,0.2669154405593872,lekki_2024_07_03,
3.1955087184906006,3.56499457359314,29.0,0.8658288717269897,20.0,10.0,0.0,22.54,67.54,0.1484075188636779,lekki_2024_07_03,
2.268232583999634,1.2686299085617063,158.0,9.999999747378752e-05,160.312195418814,30.0,20.92020606994629,22.54,67.54,0.1899527460336685,lekki_2024_07_03,
2.647627353668213,1.3241488933563232,157.0,0.1420123726129531,164.01219466856728,30.0,0.0,22.54,67.54,0.6884620785713196,lekki_2024_07_03,
2.4502649307250977,1.5231581926345823,12.0,0.1420323699712753,147.648230602334,30.0,0.0,22.54,67.54,1.2238421440124512,lekki_2024_07_03,
2.7162508964538574,2.9604427814483643,9.0,0.2106159180402755,136.01470508735443,30.0,0.0,22.54,67.54,1.0338894128799438,lekki_2024_07_03,
3.438542127609253,3.2209692001342773,6.0,0.9329071640968324,130.384048104053,30.0,0.0,22.54,67.54,0.5353800654411316,lekki_2024_07_03,
6.133334636688232,1.4080533981323242,22.0,3.803654670715332,58.30951894845301,10.0,0.0,22.54,67.54,0.1185079142451286,lekki_2024_07_03,
7.284130573272705,2.348265647888184,1.0,4.954450607299805,36.05551275463989,10.0,0.0,22.54,67.54,0.2669154405593872,lekki_2024_07_03,
5.9139509201049805,4.2251152992248535,2.0,3.58427095413208,10.0,10.0,0.0,22.54,67.54,0.2669154405593872,lekki_2024_07_03,
2.8069722652435303,3.773072242736816,3.0,0.477292388677597,14.142135623730953,10.0,0.0,22.54,67.54,0.1484075188636779,lekki_2024_07_03,
2.422649621963501,1.620608925819397,4.0,9.999999747378752e-05,164.01219466856728,30.0,20.92020606994629,22.54,67.54,0.1899527460336685,lekki_2024_07_03,
2.9491634368896484,2.17755126953125,3.0,0.4435284733772278,141.4213562373095,30.0,0.0,22.54,67.54,0.674480676651001,lekki_2024_07_03,
2.562350034713745,2.368979454040528,142.0,0.1420323699712753,122.06555615733704,30.0,0.0,22.54,67.54,1.1074775457382202,lekki_2024_07_03,
2.4496071338653564,1.6466169357299805,139.0,0.1420523822307586,107.70329614269008,30.0,0.0,22.54,67.54,0.917524755001068,lekki_2024_07_03,
3.208121061325073,2.870173454284668,35.0,0.7024860978126526,100.4987562112089,10.0,0.0,22.54,67.54,0.4329968392848968,lekki_2024_07_03,
4.978931427001953,6.00879430770874,2.0,2.473296403884888,122.06555615733704,10.0,0.0,22.54,67.54,0.27264603972435,lekki_2024_07_03,
4.9416985511779785,5.458520412445068,2.0,2.436063528060913,98.99494936611666,10.0,0.0,22.54,67.54,0.6253882646560669,lekki_2024_07_03,
4.359602451324463,4.170971870422363,103.0,1.8539674282073968,80.62257748298549,10.0,0.0,22.54,67.54,0.6253882646560669,lekki_2024_07_03,
6.102727890014648,5.395691871643066,1.0,3.597092866897583,70.71067811865476,10.0,0.0,22.54,67.54,0.3527422547340393,lekki_2024_07_03,
1.5640829801559448,0.4900957345962524,17147.0,0.0,20.0,30.0,0.0,22.54,67.54,0.0213332436978817,lekki_2024_07_03,
1.483016014099121,0.779504656791687,9.0,1.9999999494757503e-05,10.0,30.0,0.0,22.54,67.54,0.0213332436978817,lekki_2024_07_03,
2.276804208755493,1.4784117937088013,2.0,4.999999873689376e-05,20.0,10.0,0.0,22.54,67.54,0.0213332436978817,lekki_2024_07_03,
8.398951530456543,5.998305797576904,1.0,5.893316745758057,80.62257748298549,10.0,0.0,22.54,67.54,0.2725999057292938,lekki_2024_07_03,
6.775768756866455,5.904860019683838,3.0,4.270133972167969,56.56854249492381,10.0,0.0,22.54,67.54,0.2725999057292938,lekki_2024_07_03,
7.3357133865356445,5.099879264831543,99.0,4.830078601837158,41.23105625617661,10.0,21.83423614501953,22.54,67.54,0.2684629261493683,lekki_2024_07_03,
1.816287636756897,1.0772777795791626,2.0,2.999999924213625e-05,28.284271247461906,30.0,0.0,22.54,67.54,0.0723698660731315,lekki_2024_07_03,
1.6242884397506714,0.6990140676498413,17133.0,0.0,10.0,30.0,0.0,22.54,67.54,0.0723698660731315,lekki_2024_07_03,
1.983327031135559,1.204738736152649,2.0,4.999999873689376e-05,0.0,30.0,0.0,22.54,67.54,0.0723698660731315,lekki_2024_07_03,
2.717146396636963,0.7229060530662537,1.0,0.3873565196990967,50.0,30.0,0.0,22.54,67.54,0.0723698660731315,lekki_2024_07_03,
2.213551044464112,1.3034898042678833,3.0,1.9999999494757503e-05,40.0,30.0,0.0,22.54,67.54,0.0723698660731315,lekki_2024_07_03,
1.7931686639785769,0.3725698292255401,17129.0,0.0,30.0,30.0,0.0,22.54,67.54,0.0723698660731315,lekki_2024_07_03,
2.85955548286438,1.2820957899093628,1.0,0.5297155976295471,20.0,10.0,0.0,22.54,67.54,0.0309514999389648,lekki_2024_07_03,
3.30668306350708,1.6493438482284546,1.0,0.976803183555603,40.0,10.0,0.0,22.54,67.54,0.0309514999389648,lekki_2024_07_03,
2.511149883270264,1.6801308393478394,2.0,0.1812700182199478,10.0,10.0,0.0,22.54,67.54,0.0309514999389648,lekki_2024_07_03,
2.590725898742676,0.2424163371324539,1.0,0.2609060406684875,30.0,30.0,0.0,22.54,67.54,0.0510366223752498,lekki_2024_07_03,
2.6728806495666504,0.4331429302692413,1.0,0.3430607914924621,42.426406871192846,30.0,0.0,22.54,67.54,0.0510366223752498,lekki_2024_07_03,
2.370753526687622,1.0213254690170288,1.0,0.0409136600792408,40.0,30.0,0.0,22.54,67.54,0.0510366223752498,lekki_2024_07_03,
2.362532138824463,0.5149319767951965,1.0,0.0326722748577594,20.0,30.0,0.0,22.54,67.54,0.0351094156503677,lekki_2024_07_03,
2.08396863937378,1.133400797843933,2.0,5.999999848427251e-05,50.0,10.0,0.0,22.54,67.54,0.0351094156503677,lekki_2024_07_03,
1.6502069234848022,0.5333540439605713,56.0,5.999999848427251e-05,31.6227766016838,10.0,0.0,22.54,67.54,0.0351094156503677,lekki_2024_07_03,
2.3595991134643555,0.2571026980876922,1.0,0.0297192484140396,20.0,30.0,0.0,22.54,67.54,0.0351094156503677,lekki_2024_07_03,
2.32217788696289,1.2051827907562256,70.0,3.9999998989515007e-05,50.0,30.0,0.0,22.54,67.54,0.0351094156503677,lekki_2024_07_03,
2.04350209236145,1.5832598209381104,11.0,5.999999848427251e-05,31.6227766016838,10.0,0.0,22.54,67.54,0.0351094156503677,lekki_2024_07_03,
10.261531829833984,4.669907093048096,70.0,11.023000717163086,50.99019513592785,10.0,0.0,22.54,67.54,0.2656813859939575,lekki_2024_07_03,
13.224377632141112,3.4648995399475098,69.0,11.02302074432373,50.99019513592785,10.0,0.0,22.54,67.54,0.2656813859939575,lekki_2024_07_03,
13.973228454589844,1.4406300783157349,66.0,11.4675931930542,22.36067977499789,30.0,0.0,22.54,67.54,0.2656813859939575,lekki_2024_07_03,
15.842440605163574,0.6841082572937012,1.0,13.33680534362793,92.19544457292886,30.0,0.0,22.54,67.54,0.1240727081894874,lekki_2024_07_03,
15.926499366760254,1.455015778541565,2.0,13.42086410522461,76.15773105863909,30.0,0.0,22.54,67.54,0.1690669655799865,lekki_2024_07_03,
16.288644790649414,2.084991693496704,3.0,13.78300952911377,70.0,30.0,0.0,22.54,67.54,0.1690669655799865,lekki_2024_07_03,
17.816743850708008,1.844700813293457,1.0,15.311108589172363,76.15773105863909,30.0,0.0,22.54,67.54,0.0449942499399185,lekki_2024_07_03,
10.899622917175291,7.547053813934326,7.0,11.02298069000244,42.426406871192846,10.0,15.866561889648438,22.54,67.54,0.0741353556513786,lekki_2024_07_03,
11.606386184692385,6.098212242126465,5.0,11.023000717163086,64.03124237432849,10.0,0.0,22.54,67.54,0.3398167192935943,lekki_2024_07_03,
14.226198196411133,4.352665901184082,3.0,11.720562934875488,53.85164807134504,10.0,0.0,22.54,67.54,0.3398167192935943,lekki_2024_07_03,
14.822673797607422,1.746688723564148,1.0,12.317038536071776,28.284271247461906,10.0,0.0,22.54,67.54,0.2656813859939575,lekki_2024_07_03,
15.497886657714844,1.032010197639465,16.0,12.992271423339844,72.11102550927978,30.0,0.0,22.54,67.54,0.3520827889442444,lekki_2024_07_03,
14.809844970703123,0.3606197834014892,14.0,12.992291450500488,50.0,30.0,0.0,22.54,67.54,0.5580025911331177,lekki_2024_07_03,
15.883696556091309,3.179868221282959,4.0,13.378061294555664,40.0,30.0,0.0,22.54,67.54,0.5580025911331177,lekki_2024_07_03,
18.095327377319336,2.3932461738586426,1.0,15.589692115783691,50.0,30.0,0.0,22.54,67.54,0.2059198021888733,lekki_2024_07_03,
16.3696346282959,5.2059197425842285,1.0,13.863999366760254,30.0,10.0,0.0,22.54,67.54,0.0741353556513786,lekki_2024_07_03,
15.918013572692873,4.6399664878845215,1.0,13.412378311157228,60.0,10.0,0.0,22.54,67.54,0.3398167192935943,lekki_2024_07_03,
16.61733055114746,2.013099431991577,1.0,14.111695289611816,70.71067811865476,10.0,0.0,22.54,67.54,0.3398167192935943,lekki_2024_07_03,
15.618744850158691,1.4298850297927856,1.0,13.113109588623049,53.85164807134504,10.0,0.0,22.54,67.54,0.2656813859939575,lekki_2024_07_03,
16.937517166137695,2.4892194271087646,1.0,14.43188190460205,60.82762530298219,10.0,0.0,22.54,67.54,0.3520827889442444,lekki_2024_07_03,
15.901890754699709,2.9413769245147705,4.0,13.396255493164062,31.6227766016838,30.0,0.0,22.54,67.54,0.5580025911331177,lekki_2024_07_03,
17.210500717163086,3.5538439750671387,1.0,14.70486545562744,10.0,10.0,0.0,22.54,67.54,0.5580025911331177,lekki_2024_07_03,
18.658830642700195,0.6700900793075562,1.0,16.153196334838867,31.6227766016838,30.0,0.0,22.54,67.54,0.2059198021888733,lekki_2024_07_03,
16.494247436523438,1.2845544815063477,1.0,14.1624174118042,42.426406871192846,10.0,0.0,22.54,67.54,0.0741353556513786,lekki_2024_07_03,
16.58523178100586,0.5252622365951538,1.0,14.25340175628662,67.0820393249937,10.0,0.0,22.54,67.54,0.0741353556513786,lekki_2024_07_03,
16.36431121826172,2.3863725662231445,1.0,13.858675956726074,94.33981132056604,10.0,0.0,22.54,67.54,0.0741353556513786,lekki_2024_07_03,
18.05656242370605,0.8769915103912354,1.0,15.55092716217041,63.24555320336759,30.0,0.0,22.54,67.54,0.2280100733041763,lekki_2024_07_03,
17.953981399536133,1.7762335538864136,1.0,15.448346138000488,36.05551275463989,10.0,0.0,22.54,67.54,0.3889356255531311,lekki_2024_07_03,
18.520151138305664,0.785871148109436,1.0,16.014516830444336,20.0,30.0,0.0,22.54,67.54,0.3889356255531311,lekki_2024_07_03,
18.15250015258789,1.4347976446151731,1.0,15.82260036468506,36.05551275463989,30.0,0.0,22.54,67.54,0.1609255522489547,lekki_2024_07_03,
13.436909675598145,7.93009614944458,3.0,11.107009887695312,22.36067977499789,10.0,0.0,22.54,67.54,0.4021408259868622,lekki_2024_07_03,
7.234995365142822,8.338916778564453,5.0,4.90509557723999,44.7213595499958,10.0,0.0,22.54,67.54,0.4021408259868622,lekki_2024_07_03,
4.769892692565918,3.6285996437072754,32.0,2.439992904663086,63.24555320336759,30.0,0.0,22.54,67.54,0.4021408259868622,lekki_2024_07_03,
14.032432556152344,4.392385959625244,1.0,11.702532768249512,14.142135623730953,10.0,0.0,22.54,67.54,0.4021408259868622,lekki_2024_07_03,
10.413165092468262,8.40474796295166,2.0,8.08326530456543,41.23105625617661,10.0,0.0,22.54,67.54,0.8280320763587952,lekki_2024_07_03,
6.6706132888793945,7.32830810546875,2.0,4.3407135009765625,70.71067811865476,10.0,0.0,22.54,67.54,0.8280320763587952,lekki_2024_07_03,
3.566149473190308,3.960283517837525,3.0,1.236249566078186,58.30951894845301,30.0,0.0,22.54,67.54,0.425891250371933,lekki_2024_07_03,
13.332429885864258,0.7217398285865784,1.0,11.002530097961426,41.23105625617661,30.0,0.0,22.54,67.54,0.4021408259868622,lekki_2024_07_03,
12.541831016540527,5.222597122192383,1.0,10.211931228637695,53.85164807134504,10.0,0.0,22.54,67.54,0.8280320763587952,lekki_2024_07_03,
8.708809852600098,8.229166030883789,1.0,6.378910064697266,50.99019513592785,10.0,0.0,22.54,67.54,0.8280320763587952,lekki_2024_07_03,
4.0050811767578125,5.149625301361084,2.0,1.675181269645691,64.03124237432849,30.0,0.0,22.54,67.54,0.425891250371933,lekki_2024_07_03,
13.597798347473145,4.725864887237549,1.0,11.267898559570312,28.284271247461906,10.0,0.0,22.54,67.54,0.425891250371933,lekki_2024_07_03,
9.12629508972168,9.023036003112791,2.0,6.796395301818848,22.36067977499789,10.0,0.0,22.54,67.54,0.425891250371933,lekki_2024_07_03,
3.854867696762085,5.566519737243652,3.0,1.5249677896499634,41.23105625617661,30.0,0.0,22.54,67.54,0.425891250371933,lekki_2024_07_03,
11.067118644714355,2.158798933029175,115.0,8.737218856811523,36.05551275463989,10.0,0.0,22.54,67.54,0.0219239126890897,lekki_2024_07_03,
10.230072021484377,4.711745262145996,2.0,7.900172233581543,31.6227766016838,30.0,0.0,22.54,67.54,0.0219239126890897,lekki_2024_07_03,
8.243961334228516,6.630873203277588,4.0,5.914061546325684,22.36067977499789,10.0,0.0,22.54,67.54,0.0219239126890897,lekki_2024_07_03,
12.65288257598877,2.4611146450042725,1.0,10.322982788085938,20.0,30.0,0.0,22.54,67.54,0.0219239126890897,lekki_2024_07_03,
12.455567359924316,2.871901273727417,1.0,10.125667572021484,36.05551275463989,10.0,0.0,22.54,67.54,0.0219239126890897,lekki_2024_07_03,
11.04165267944336,4.521409511566162,2.0,8.711752891540527,50.99019513592785,10.0,0.0,22.54,67.54,0.0219239126890897,lekki_2024_07_03,
13.595434188842772,1.0974148511886597,1.0,11.26553440093994,10.0,30.0,0.0,22.54,67.54,0.0219239126890897,lekki_2024_07_03,
12.85653591156006,1.554183840751648,1.0,10.526636123657228,31.6227766016838,30.0,0.0,22.54,67.54,0.0219239126890897,lekki_2024_07_03,
11.943902015686035,2.3726937770843506,1.0,9.614002227783203,60.82762530298219,30.0,0.0,22.54,67.54,0.0219239126890897,lekki_2024_07_03,
4.156625270843506,3.023255586624145,3.0,1.8267253637313845,10.0,30.0,0.0,22.54,67.54,0.1413936018943786,lekki_2024_07_03,
2.43487811088562,2.122527837753296,4.0,0.1049782484769821,0.0,30.0,0.0,22.54,67.54,0.1413936018943786,lekki_2024_07_03,
1.9629052877426147,0.2441283464431762,34.0,0.0003199999919161,20.0,30.0,0.0,22.54,67.54,0.1413936018943786,lekki_2024_07_03,
3.6215662956237793,2.359790325164795,1.0,1.2916663885116575,10.0,30.0,0.0,22.54,67.54,0.1413936018943786,lekki_2024_07_03,
2.3490238189697266,1.4138100147247314,2.0,0.0191239546984434,10.0,30.0,0.0,22.54,67.54,0.1989891678094864,lekki_2024_07_03,
2.105663776397705,0.2679016590118408,3.0,0.0003199999919161,22.36067977499789,30.0,0.0,22.54,67.54,0.1989891678094864,lekki_2024_07_03,
2.064269542694092,0.5036623477935791,221.0,0.0002899999963119,30.0,30.0,0.0,22.54,67.54,0.0575955584645271,lekki_2024_07_03,
3.7393836975097656,1.1943939924240112,1.0,1.409483790397644,31.6227766016838,30.0,0.0,22.54,67.54,0.1413936018943786,lekki_2024_07_03,
2.4438953399658203,1.6926283836364746,2.0,0.1139954775571823,36.05551275463989,30.0,0.0,22.54,67.54,0.1989891678094864,lekki_2024_07_03,
1.9255353212356567,0.6325092911720276,181.0,0.0003199999919161,44.7213595499958,30.0,0.0,22.54,67.54,0.1989891678094864,lekki_2024_07_03,
1.7996011972427368,0.4814332723617553,2.0,0.0003100000030826,60.0,30.0,0.0,22.54,67.54,0.0575955584645271,lekki_2024_07_03,
2.283090114593506,0.9925681948661804,178.0,0.0003399999986868,41.23105625617661,30.0,0.0,22.54,67.54,0.0575955584645271,lekki_2024_07_03,
1.8942763805389404,0.6852530241012573,1.0,0.0003399999986868,64.03124237432849,30.0,0.0,22.54,67.54,0.0575955584645271,lekki_2024_07_03,
1.5645586252212524,0.598593533039093,76.0,0.0003300000098533,86.02325267042627,30.0,0.0,22.54,67.54,0.0575955584645271,lekki_2024_07_03,
11.25674819946289,3.1301803588867188,1.0,8.926848411560059,28.284271247461906,30.0,0.0,22.54,67.54,0.2211958616971969,lekki_2024_07_03,
9.716719627380373,2.9642815589904785,1.0,7.386819839477539,22.36067977499789,30.0,0.0,22.54,67.54,0.2211958616971969,lekki_2024_07_03,
8.2050199508667,2.8336665630340576,8.0,5.875120162963867,28.284271247461906,10.0,0.0,22.54,67.54,0.2211958616971969,lekki_2024_07_03,
1.8646479845047,0.3268191218376159,16.0,0.0003900000010617,30.0,30.0,0.0,22.54,67.54,0.0378667637705802,lekki_2024_07_03,
1.55127215385437,0.3111728429794311,72.0,0.0003900000010617,31.6227766016838,30.0,0.0,22.54,67.54,0.0845803394913673,lekki_2024_07_03,
1.647883057594299,0.4912042319774627,1.0,0.000239999993937,40.0,30.0,0.0,22.54,67.54,0.0845803394913673,lekki_2024_07_03,
1.681025147438049,0.4097923338413238,36.0,0.0002300000051036,28.284271247461906,30.0,22.455793380737305,22.54,67.54,0.046713575720787,lekki_2024_07_03,
11.017403602600098,2.957118034362793,1.0,8.686003684997559,0.0,10.0,0.0,22.54,67.54,0.2211958616971969,lekki_2024_07_03,
9.026640892028809,3.877432823181152,2.0,6.696741104125977,0.0,10.0,0.0,22.54,67.54,0.2211958616971969,lekki_2024_07_03,
7.496150493621826,2.730097770690918,2.0,5.166250705718994,22.36067977499789,10.0,0.0,22.54,67.54,0.2211958616971969,lekki_2024_07_03,
6.406811237335205,3.535662889480591,9.0,4.076911449432373,50.99019513592785,10.0,0.0,22.54,67.54,0.2087133228778839,lekki_2024_07_03,
4.3039631843566895,2.9428365230560303,1.0,1.974063277244568,44.7213595499958,10.0,0.0,22.54,67.54,0.2584235966205597,lekki_2024_07_03,
3.653820037841797,2.341204643249512,1.0,1.3239201307296753,22.36067977499789,30.0,0.0,22.54,67.54,0.2584235966205597,lekki_2024_07_03,
1.8410084247589111,2.0168919563293457,2.0,0.0004400000034365,10.0,30.0,0.0,22.54,67.54,0.0497102737426757,lekki_2024_07_03,
1.8102450370788568,0.0364755094051361,15.0,0.0003999999898951,40.0,30.0,0.0,22.54,67.54,0.0615038089454174,lekki_2024_07_03,
1.4694441556930542,0.5562703013420105,71.0,0.0003999999898951,22.36067977499789,30.0,0.0,22.54,67.54,0.1082173883914947,lekki_2024_07_03,
1.227460861206055,0.3592038452625274,35.0,0.0002500000118743,10.0,30.0,0.0,22.54,67.54,0.1082173883914947,lekki_2024_07_03,
1.221022605895996,0.7257555723190308,1.0,7.999999797903001e-05,20.0,30.0,22.455793380737305,22.54,67.54,0.046713575720787,lekki_2024_07_03,
8.099345207214355,6.14694881439209,1.0,5.767945289611816,10.0,10.0,0.0,22.54,67.54,0.2211958616971969,lekki_2024_07_03,
7.496033191680908,3.564133644104004,3.0,5.166133403778076,10.0,10.0,0.0,22.54,67.54,0.2211958616971969,lekki_2024_07_03,
6.895425796508789,3.061952352523804,1.0,4.565526008605957,28.284271247461906,10.0,0.0,22.54,67.54,0.2211958616971969,lekki_2024_07_03,
5.172574043273926,4.057927131652832,3.0,2.8426742553710938,53.85164807134504,10.0,0.0,22.54,67.54,0.3756307363510132,lekki_2024_07_03,
3.294154167175293,2.518354177474976,11.0,0.9642543196678162,41.23105625617661,30.0,0.0,22.54,67.54,0.4253410100936889,lekki_2024_07_03,
3.206427574157715,1.9016706943511963,1.0,0.876527726650238,14.142135623730953,30.0,0.0,22.54,67.54,0.4253410100936889,lekki_2024_07_03,
1.8812471628189087,1.7346441745758057,69.0,0.0004400000034365,14.142135623730953,30.0,0.0,22.54,67.54,0.0497102737426757,lekki_2024_07_03,
1.8904677629470823,0.1359384804964065,14.0,0.0004100000078324,50.0,30.0,0.0,22.54,67.54,0.0615038089454174,lekki_2024_07_03,
1.677734375,0.5618677735328674,70.0,0.0004100000078324,22.36067977499789,30.0,0.0,22.54,67.54,0.1082173883914947,lekki_2024_07_03,
1.353654861450195,0.6688199043273926,34.0,0.0002600000007078,10.0,30.0,0.0,22.54,67.54,0.1082173883914947,lekki_2024_07_03,
0.9651636481285096,0.2899412214756012,2.0,9.000000136438757e-05,31.6227766016838,30.0,22.455793380737305,22.54,67.54,0.046713575720787,lekki_2024_07_03,
3.9536325931549072,3.603500843048096,2.0,1.6237326860427856,70.71067811865476,10.0,17.320669174194336,22.54,67.54,0.3756307363510132,lekki_2024_07_03,
2.451375722885132,2.111912727355957,15.0,0.1214758604764938,56.56854249492381,30.0,17.320669174194336,22.54,67.54,0.4253410100936889,lekki_2024_07_03,
2.1832094192504883,1.545446515083313,67.0,0.0004600000102072,41.23105625617661,30.0,17.320669174194336,22.54,67.54,0.4253410100936889,lekki_2024_07_03,
1.477211833000183,0.6741704344749451,1.0,0.0004600000102072,41.23105625617661,30.0,0.0,22.54,67.54,0.0497102737426757,lekki_2024_07_03,
1.5281153917312622,0.4791877865791321,9.0,0.00044999999227,50.0,30.0,0.0,22.54,67.54,0.018860975280404,lekki_2024_07_03,
1.8655898571014404,0.4156583547592163,2.0,0.0004400000034365,50.99019513592785,30.0,0.0,22.54,67.54,0.018860975280404,lekki_2024_07_03,
1.955909013748169,0.247936338186264,11.0,0.0004299999854993,53.85164807134504,30.0,31.99918556213379,22.54,67.54,0.0586449168622493,lekki_2024_07_03,
1.74267578125,0.6136665940284729,69.0,0.0004199999966658,31.6227766016838,30.0,31.99918556213379,22.54,67.54,0.0397839397192001,lekki_2024_07_03,
1.3071757555007937,0.4273138642311096,33.0,0.0002699999895412,10.0,30.0,31.99918556213379,22.54,67.54,0.0397839397192001,lekki_2024_07_03,
2.424046516418457,2.559502124786377,4.0,0.094146654009819,67.0820393249937,30.0,17.320669174194336,22.54,67.54,0.1669174283742904,lekki_2024_07_03,
1.8813815116882324,1.027838110923767,50.0,0.0004799999878741,60.0,30.0,17.320669174194336,22.54,67.54,0.1669174283742904,lekki_2024_07_03,
1.8658621311187744,0.6246930956840515,1.0,0.0004799999878741,63.24555320336759,30.0,17.320669174194336,22.54,67.54,0.1669174283742904,lekki_2024_07_03,
1.7184616327285769,0.1625746935606002,1.0,0.0004699999990407,20.0,30.0,0.0,22.54,67.54,0.0271153189241886,lekki_2024_07_03,
1.5487128496170044,0.2312741577625274,10.0,0.0004600000102072,22.36067977499789,30.0,0.0,22.54,67.54,0.0271153189241886,lekki_2024_07_03,
1.6548032760620115,0.384196013212204,2.0,0.00044999999227,28.284271247461906,30.0,31.99918556213379,22.54,67.54,0.0432622171938419,lekki_2024_07_03,
1.5683932304382324,0.1943551450967788,66.0,0.0004400000034365,41.23105625617661,30.0,31.99918556213379,22.54,67.54,0.0161468982696533,lekki_2024_07_03,
1.4484739303588867,0.3498241901397705,26.0,0.0002899999963119,14.142135623730953,30.0,31.99918556213379,22.54,67.54,0.0161468982696533,lekki_2024_07_03,
1.7002606391906738,0.1062544360756874,9.0,0.0004799999878741,0.0,30.0,0.0,22.54,67.54,0.0271153189241886,lekki_2024_07_03,
1.6259715557098389,0.1707749366760254,1.0,0.0004799999878741,14.142135623730953,30.0,0.0,22.54,67.54,0.0271153189241886,lekki_2024_07_03,
1.5445104837417605,0.186986431479454,2.0,0.0004699999990407,22.36067977499789,30.0,31.99918556213379,22.54,67.54,0.0432622171938419,lekki_2024_07_03,
1.7137153148651123,0.1907549053430557,63.0,0.0004600000102072,28.284271247461906,30.0,31.99918556213379,22.54,67.54,0.0161468982696533,lekki_2024_07_03,
1.6660197973251345,0.1204702258110046,21.0,0.0003100000030826,22.36067977499789,30.0,31.99918556213379,22.54,67.54,0.0161468982696533,lekki_2024_07_03,
2.4540464878082275,2.000351667404175,1.0,0.1241466253995895,53.85164807134504,30.0,15.657684326171877,22.54,67.54,0.1713195890188217,lekki_2024_07_03,
1.7911337614059448,0.8887214660644531,1.0,0.0006000000284984,28.284271247461906,30.0,15.657684326171877,22.54,67.54,0.1713195890188217,lekki_2024_07_03,
1.7158465385437012,0.549818217754364,16.0,0.0005900000105611,22.36067977499789,30.0,0.0,22.54,67.54,0.1713195890188217,lekki_2024_07_03,
3.758942127227783,3.118412971496582,1.0,1.4290422201156616,36.05551275463989,10.0,15.657684326171877,22.54,67.54,0.1713195890188217,lekki_2024_07_03,
2.2170658111572266,2.1650946140289307,12.0,0.0006200000061653,50.99019513592785,30.0,15.657684326171877,22.54,67.54,0.1713195890188217,lekki_2024_07_03,
2.0688278675079346,1.940172553062439,3.0,0.0006200000061653,31.6227766016838,30.0,0.0,22.54,67.54,0.1713195890188217,lekki_2024_07_03,
5.212355613708496,3.3965978622436523,1.0,2.882455825805664,20.0,10.0,0.0,22.54,67.54,0.1713195890188217,lekki_2024_07_03,
3.3835294246673584,3.56588101387024,9.0,1.0536295175552368,22.36067977499789,10.0,0.0,22.54,67.54,0.1713195890188217,lekki_2024_07_03,
3.767769098281861,2.781183958053589,2.0,1.4378691911697388,31.6227766016838,10.0,0.0,22.54,67.54,0.1713195890188217,lekki_2024_07_03,
5.328331470489502,5.256189346313477,1.0,2.997031688690185,30.0,10.0,0.0,22.54,67.54,0.2573651671409607,lekki_2024_07_03,
5.61095666885376,0.4002768695354461,1.0,3.281056880950928,0.0,10.0,0.0,22.54,67.54,0.2573651671409607,lekki_2024_07_03,
5.01278018951416,0.1410546451807022,7.0,2.682880401611328,20.0,10.0,0.0,22.54,67.54,0.2573651671409607,lekki_2024_07_03,
9.413666725158691,7.734493255615234,1.0,7.082366943359375,42.426406871192846,10.0,0.0,22.54,67.54,0.5187622308731079,lekki_2024_07_03,
7.0973801612854,6.4635210037231445,1.0,4.767480373382568,30.0,10.0,0.0,22.54,67.54,0.5187622308731079,lekki_2024_07_03,
5.225376129150391,4.467311382293701,6.0,2.8954763412475586,10.0,10.0,0.0,22.54,67.54,0.5187622308731079,lekki_2024_07_03,
13.52043342590332,5.201906681060791,1.0,11.189133644104004,53.85164807134504,10.0,28.851749420166016,22.54,67.54,0.6564981937408447,lekki_2024_07_03,
11.16786003112793,7.005536079406738,1.0,8.837960243225098,36.05551275463989,10.0,0.0,22.54,67.54,0.6564981937408447,lekki_2024_07_03,
9.81124782562256,7.922036647796631,2.0,7.481348037719727,20.0,10.0,0.0,22.54,67.54,0.6564981937408447,lekki_2024_07_03,
14.91037940979004,1.0039485692977903,1.0,12.579079627990724,50.99019513592785,10.0,28.851749420166016,22.54,67.54,0.3991330564022064,lekki_2024_07_03,
13.67075538635254,2.4686522483825684,1.0,11.340855598449709,53.85164807134504,10.0,0.0,22.54,67.54,0.3991330564022064,lekki_2024_07_03,
13.267914772033691,4.345360279083252,1.0,10.93801498413086,50.0,10.0,0.0,22.54,67.54,0.3991330564022064,lekki_2024_07_03,
14.319527626037598,2.576798677444458,1.0,11.988317489624023,53.85164807134504,10.0,28.851749420166016,22.54,67.54,0.1377360075712204,lekki_2024_07_03,
13.245010375976562,1.7094851732254028,1.0,10.914750099182127,28.284271247461906,10.0,0.0,22.54,67.54,0.1377360075712204,lekki_2024_07_03,
12.775860786437988,2.7605795860290527,1.0,10.445960998535156,22.36067977499789,10.0,0.0,22.54,67.54,0.1377360075712204,lekki_2024_07_03,
8.82889461517334,0.4054741561412811,1.0,4.830520153045654,50.0,30.0,0.0,22.54,67.54,0.0579647496342659,lekki_2024_07_03,
8.299426078796387,1.151706576347351,1.0,4.301051616668701,20.0,60.0,0.0,22.54,67.54,0.0579647496342659,lekki_2024_07_03,
7.780104637145996,0.8118828535079956,2.0,3.310117721557617,10.0,60.0,0.0,22.54,67.54,0.0579647496342659,lekki_2024_07_03,
8.211326599121094,1.2881592512130735,1.0,4.212952136993408,50.0,60.0,0.0,22.54,67.54,0.0579647496342659,lekki_2024_07_03,
7.689643859863281,0.5990495085716248,2.0,3.6912691593170166,22.36067977499789,60.0,0.0,22.54,67.54,0.0579647496342659,lekki_2024_07_03,
7.893117427825928,0.779157280921936,1.0,3.894742727279663,10.0,60.0,0.0,22.54,67.54,0.0579647496342659,lekki_2024_07_03,
7.47294807434082,0.9014850854873656,21.0,3.474573373794556,40.0,60.0,0.0,22.54,67.54,0.0579647496342659,lekki_2024_07_03,
7.741591930389404,0.1721197813749313,1.0,3.74321722984314,10.0,60.0,0.0,22.54,67.54,0.0579647496342659,lekki_2024_07_03,
7.5549516677856445,0.4762057960033417,3.0,3.55657696723938,10.0,60.0,0.0,22.54,67.54,0.0579647496342659,lekki_2024_07_03,
7.087754249572754,3.0626673698425293,1.0,2.300443410873413,22.36067977499789,10.0,0.0,22.54,67.54,0.013946533203125,lekki_2024_07_03,
5.3798441886901855,2.675943613052368,1.0,0.5925332307815552,14.142135623730953,10.0,0.0,22.54,67.54,0.013946533203125,lekki_2024_07_03,
4.385117530822754,1.5521042346954346,292.0,3.9999998989515007e-05,41.23105625617661,10.0,0.0,22.54,67.54,0.013946533203125,lekki_2024_07_03,
4.476122856140137,0.9990399479866028,11.0,0.0001999999949475,14.142135623730953,50.0,31.64933967590332,22.54,67.54,0.0834808349609375,lekki_2024_07_03,
4.87998104095459,1.0604158639907837,1.0,0.0926700830459594,22.36067977499789,50.0,31.64933967590332,22.54,67.54,0.0834808349609375,lekki_2024_07_03,
4.369668960571289,1.5890568494796753,267.0,0.000239999993937,44.7213595499958,50.0,37.306373596191406,22.54,67.54,0.0834808349609375,lekki_2024_07_03,
4.721680641174316,3.536060094833374,2.0,1.9999999494757503e-05,44.7213595499958,10.0,0.0,22.54,67.54,0.013946533203125,lekki_2024_07_03,
4.596161842346191,1.3669356107711792,294.0,1.9999999494757503e-05,41.23105625617661,10.0,0.0,22.54,67.54,0.013946533203125,lekki_2024_07_03,
3.931553840637207,0.6611728668212891,1.0,3.9999998989515007e-05,56.56854249492381,30.0,0.0,22.54,67.54,0.013946533203125,lekki_2024_07_03,
3.903553485870361,0.2943354845046997,334.0,0.0001999999949475,22.36067977499789,50.0,31.64933967590332,22.54,67.54,0.0834808349609375,lekki_2024_07_03,
4.128653526306152,0.3861757516860962,333.0,0.0002200000017182,14.142135623730953,50.0,31.64933967590332,22.54,67.54,0.0834808349609375,lekki_2024_07_03,
3.710402250289917,0.4333991110324859,57.0,0.000239999993937,41.23105625617661,50.0,37.306373596191406,22.54,67.54,0.0834808349609375,lekki_2024_07_03,
3.4446520805358887,0.2813495397567749,725.0,0.0,56.56854249492381,50.0,0.0,22.54,67.54,0.1856085509061813,lekki_2024_07_03,
4.14540958404541,0.6647252440452576,428.0,9.999999747378752e-06,41.23105625617661,30.0,0.0,22.54,67.54,0.1856085509061813,lekki_2024_07_03,
3.992544651031494,0.4923225045204162,425.0,2.999999924213625e-05,44.7213595499958,30.0,0.0,22.54,67.54,0.1856085509061813,lekki_2024_07_03,
4.416772365570068,1.384914517402649,2.0,0.0001999999949475,44.7213595499958,50.0,31.64933967590332,22.54,67.54,0.0834808349609375,lekki_2024_07_03,
5.246152400970459,1.480022430419922,1.0,0.4588414430618286,41.23105625617661,50.0,31.64933967590332,22.54,67.54,0.0834808349609375,lekki_2024_07_03,
4.630026817321777,1.6597915887832642,8.0,0.000239999993937,56.56854249492381,50.0,37.306373596191406,22.54,67.54,0.0834808349609375,lekki_2024_07_03,
4.420145511627197,2.9115772247314453,144.0,1.9999999494757503e-05,41.23105625617661,50.0,22.58027076721192,22.54,67.54,0.1716620177030563,lekki_2024_07_03,
4.140476703643799,1.4657129049301147,143.0,3.9999998989515007e-05,14.142135623730953,50.0,22.58027076721192,22.54,67.54,0.1716620177030563,lekki_2024_07_03,
4.106673717498779,0.6691362857818604,1.0,3.9999998989515007e-05,22.36067977499789,50.0,22.58027076721192,22.54,67.54,0.1716620177030563,lekki_2024_07_03,
4.038420677185059,0.6155902147293091,6.0,5.999999848427251e-05,36.05551275463989,50.0,0.0,22.54,67.54,0.0123330755159258,lekki_2024_07_03,
4.318634510040283,0.3978007435798645,935.0,0.0,20.0,50.0,0.0,22.54,67.54,0.0123330755159258,lekki_2024_07_03,
4.394740581512451,0.4014783501625061,934.0,0.0,36.05551275463989,50.0,32.71882247924805,22.54,67.54,0.0123330755159258,lekki_2024_07_03,
6.5355143547058105,1.5345580577850342,1.0,1.7482434511184692,44.7213595499958,50.0,22.58027076721192,22.54,67.54,0.1716620177030563,lekki_2024_07_03,
5.685434818267822,2.1153953075408936,1.0,0.8981438875198364,22.36067977499789,30.0,22.58027076721192,22.54,67.54,0.1716620177030563,lekki_2024_07_03,
4.438714981079102,1.3951661586761477,141.0,5.999999848427251e-05,28.284271247461906,30.0,22.58027076721192,22.54,67.54,0.1716620177030563,lekki_2024_07_03,
4.79929780960083,2.5321431159973145,2.0,0.0324489288032054,30.0,50.0,0.0,22.54,67.54,0.0123330755159258,lekki_2024_07_03,
4.688300132751465,1.0017144680023191,3.0,7.999999797903001e-05,0.0,50.0,0.0,22.54,67.54,0.0123330755159258,lekki_2024_07_03,
4.874049663543701,0.5068089962005615,1.0,0.1072007864713668,22.36067977499789,50.0,32.71882247924805,22.54,67.54,0.0123330755159258,lekki_2024_07_03,
6.753345966339111,2.09568190574646,1.0,1.9864970445632928,36.05551275463989,50.0,42.4515266418457,22.54,67.54,0.0123330755159258,lekki_2024_07_03,
5.389989376068115,2.0405397415161133,1.0,0.6231405138969421,20.0,50.0,42.4515266418457,22.54,67.54,0.0123330755159258,lekki_2024_07_03,
4.937914848327637,0.9983271956443788,1.0,0.1709459722042083,36.05551275463989,50.0,43.3622932434082,22.54,67.54,0.0123330755159258,lekki_2024_07_03,
6.193932056427002,2.490556240081787,1.0,1.406641125679016,14.142135623730953,50.0,31.895076751708984,22.54,67.54,0.1315304487943649,lekki_2024_07_03,
5.793272018432617,0.6557174324989319,25.0,1.006001114845276,22.36067977499789,30.0,31.895076751708984,22.54,67.54,0.2462393939495086,lekki_2024_07_03,
6.466657638549805,1.5988776683807373,1.0,1.6793667078018188,14.142135623730953,30.0,31.895076751708984,22.54,67.54,0.2462393939495086,lekki_2024_07_03,
7.246070861816406,1.8252825736999512,1.0,2.458779811859131,10.0,50.0,36.25856399536133,22.54,67.54,0.1147089526057243,lekki_2024_07_03,
6.362027645111084,2.408839702606201,3.0,1.574736714363098,22.36067977499789,50.0,31.895076751708984,22.54,67.54,0.1315304487943649,lekki_2024_07_03,
5.178253650665283,1.2257959842681885,12.0,1.0060210227966309,22.36067977499789,30.0,31.895076751708984,22.54,67.54,0.2462393939495086,lekki_2024_07_03,
5.434277057647705,0.9149376749992372,11.0,1.0060210227966309,14.142135623730953,50.0,31.895076751708984,22.54,67.54,0.2462393939495086,lekki_2024_07_03,
6.077064514160156,1.4402567148208618,8.0,1.2897735834121704,10.0,50.0,36.25856399536133,22.54,67.54,0.1147089526057243,lekki_2024_07_03,
6.841160774230957,1.3599244356155396,5.0,2.0538697242736816,22.36067977499789,50.0,31.895076751708984,22.54,67.54,0.1315304487943649,lekki_2024_07_03,
6.724175453186035,2.725252866744995,3.0,1.936884522438049,14.142135623730953,50.0,31.895076751708984,22.54,67.54,0.2462393939495086,lekki_2024_07_03,
6.859492301940918,3.8082077503204346,2.0,2.0722012519836426,41.23105625617661,50.0,31.895076751708984,22.54,67.54,0.2462393939495086,lekki_2024_07_03,
8.219327926635742,5.57979154586792,2.0,3.432036876678467,40.0,50.0,36.25856399536133,22.54,67.54,0.1147089526057243,lekki_2024_07_03,
0.0,0.6324113607406616,6.0,0.0,14.142135623730953,80.0,0.0,22.54,67.54,0.0373987406492233,lekki_2024_07_03,
0.0,0.0,1.0,0.0,36.05551275463989,80.0,0.0,22.54,67.54,0.0373987406492233,lekki_2024_07_03,
0.0,0.0,1.0,0.0,63.24555320336759,80.0,0.0,22.54,67.54,0.0373987406492233,lekki_2024_07_03,
0.3365886509418487,1.7710484266281128,2.0,0.0,50.99019513592785,60.0,0.0,22.54,67.54,0.0887178778648376,lekki_2024_07_03,
0.0,0.3139752447605133,1.0,0.0,64.03124237432849,80.0,0.0,22.54,67.54,0.0887178778648376,lekki_2024_07_03,
0.0,0.0,10.0,0.0,84.85281374238569,80.0,0.0,22.54,67.54,0.0887178778648376,lekki_2024_07_03,
0.46187224984169,2.17384934425354,2.0,0.0,53.85164807134504,80.0,0.0,22.54,67.54,0.0887178778648376,lekki_2024_07_03,
0.0,0.4308379590511322,3.0,0.0,50.99019513592785,80.0,0.0,22.54,67.54,0.0887178778648376,lekki_2024_07_03,
0.0,0.0,4.0,0.0,64.03124237432849,80.0,0.0,22.54,67.54,0.0887178778648376,lekki_2024_07_03,
0.5137804746627808,2.1654951572418213,2.0,0.0,28.284271247461906,60.0,0.0,22.54,67.54,0.0513191372156143,lekki_2024_07_03,
0.0,0.4792561829090118,3.0,0.0,22.36067977499789,80.0,0.0,22.54,67.54,0.0513191372156143,lekki_2024_07_03,
0.0,0.0,11.0,0.0,44.7213595499958,80.0,0.0,22.54,67.54,0.0513191372156143,lekki_2024_07_03,
5.2601823806762695,0.8984820246696472,1.0,0.0,22.36067977499789,95.0,0.0,22.54,67.54,0.0474727936089038,lekki_2024_07_03,
4.419780731201172,1.7234972715377808,1.0,1.7835850715637207,28.284271247461906,95.0,0.0,22.54,67.54,0.0474727936089038,lekki_2024_07_03,
3.4318442344665527,0.9161319732666016,4.0,0.8697011470794678,22.36067977499789,95.0,0.0,22.54,67.54,0.0474727936089038,lekki_2024_07_03,
4.449158191680908,1.9089707136154173,1.0,0.0,20.0,95.0,0.0,22.54,67.54,0.0474727936089038,lekki_2024_07_03,
4.021903038024902,1.0396662950515747,1.0,0.0,22.36067977499789,95.0,0.0,22.54,67.54,0.0474727936089038,lekki_2024_07_03,
3.805304288864136,0.6052051782608032,1.0,1.1691086292266846,14.142135623730953,95.0,0.0,22.54,67.54,0.0474727936089038,lekki_2024_07_03,
3.3401689529418945,1.1418033838272097,5.0,0.0,31.6227766016838,95.0,0.0,22.54,67.54,0.0474727936089038,lekki_2024_07_03,
3.509883403778076,0.6303861141204834,2.0,0.0,40.0,95.0,0.0,22.54,67.54,0.0474727936089038,lekki_2024_07_03,
3.981433391571045,0.4510488212108612,1.0,1.3452377319335938,10.0,95.0,0.0,22.54,67.54,0.0474727936089038,lekki_2024_07_03,
2.8932721614837646,1.80276358127594,1.0,0.0,50.99019513592785,80.0,97.80203247070312,22.54,67.54,0.2397449165582656,lekki_2024_07_03,
2.7518765926361084,1.4671545028686523,5.0,0.0,22.36067977499789,80.0,81.61248016357422,22.54,67.54,0.2397449165582656,lekki_2024_07_03,
1.9009445905685425,2.9831326007843018,3.0,0.0,10.0,80.0,81.61248016357422,22.54,67.54,0.2397449165582656,lekki_2024_07_03,
3.88515043258667,2.4811947345733643,1.0,0.0,41.23105625617661,80.0,96.26073455810548,22.54,67.54,0.2397449165582656,lekki_2024_07_03,
1.72744619846344,3.981985092163086,2.0,0.0,42.426406871192846,80.0,0.0,22.54,67.54,0.2397449165582656,lekki_2024_07_03,
0.4278741478919983,2.343640089035034,9.0,0.0,28.284271247461906,80.0,0.0,22.54,67.54,0.2397449165582656,lekki_2024_07_03,
0.620480477809906,3.625756978988648,2.0,0.0,14.142135623730953,80.0,96.26073455810548,22.54,67.54,0.2397449165582656,lekki_2024_07_03,
0.2362873703241348,1.703106164932251,3.0,0.0,30.0,80.0,0.0,22.54,67.54,0.2397449165582656,lekki_2024_07_03,
0.02780925296247,0.4559386968612671,10.0,0.0,0.0,80.0,0.0,22.54,67.54,0.2397449165582656,lekki_2024_07_03,
3.0382330417633057,0.412970095872879,16.0,0.0,28.284271247461906,95.0,0.0,22.54,67.54,0.0106334686279296,lekki_2024_07_03,
3.1766481399536133,0.4996234774589538,4.0,0.0,10.0,95.0,0.0,22.54,67.54,0.0106334686279296,lekki_2024_07_03,
3.403022289276123,0.317684143781662,3.0,0.0,22.36067977499789,95.0,0.0,22.54,67.54,0.0106334686279296,lekki_2024_07_03,
3.0032317638397217,0.4584585726261139,15.0,0.0,22.36067977499789,95.0,0.0,22.54,67.54,0.0442946217954158,lekki_2024_07_03,
2.9075305461883545,0.3610663712024688,14.0,0.0,20.0,95.0,0.0,22.54,67.54,0.0442946217954158,lekki_2024_07_03,
3.3744988441467285,0.5142588019371033,13.0,0.0,22.36067977499789,95.0,0.0,22.54,67.54,0.0442946217954158,lekki_2024_07_03,
3.3701179027557373,0.8849303722381592,10.0,0.0,28.284271247461906,95.0,0.0,22.54,67.54,0.057345550507307,lekki_2024_07_03,
3.067167520523072,0.5965272784233093,8.0,0.0,20.0,95.0,0.0,22.54,67.54,0.057345550507307,lekki_2024_07_03,
3.209092378616333,0.291386216878891,6.0,0.0,22.36067977499789,95.0,0.0,22.54,67.54,0.057345550507307,lekki_2024_07_03,
3.6438918113708496,0.2311405688524246,1.0,0.0,22.36067977499789,95.0,0.0,22.54,67.54,0.0467120818793773,lekki_2024_07_03,
3.5264334678649902,0.164974182844162,1.0,0.0,0.0,95.0,0.0,22.54,67.54,0.0467120818793773,lekki_2024_07_03,
3.605380058288574,0.3342726826667785,1.0,0.0,0.0,95.0,0.0,22.54,67.54,0.0467120818793773,lekki_2024_07_03,
3.347474813461304,0.2529108226299286,132.0,0.0,14.142135623730953,95.0,0.0,22.54,67.54,0.013050926849246,lekki_2024_07_03,
3.2397782802581787,0.2016051411628723,2.0,0.0,22.36067977499789,95.0,0.0,22.54,67.54,0.013050926849246,lekki_2024_07_03,
3.541090250015259,0.6566716432571411,1.0,0.0,10.0,95.0,0.0,22.54,67.54,0.013050926849246,lekki_2024_07_03,
1.0,2.6978442668914795,4.0,3.9999998989515007e-05,67.0820393249937,80.0,68.04045867919922,2.67,2.67,0.044086005538702,,lekki_2021_07_12
1.0,1.4926908016204834,6.0,1.9999999494757503e-05,42.42640687119285,80.0,68.04045867919922,2.67,2.67,0.044086005538702,,lekki_2021_07_12
1.0275624990463257,0.1837256997823715,71635.0,0.0,30.0,80.0,68.04045867919922,2.67,2.67,0.044086005538702,,lekki_2021_07_12
3.222299575805664,1.7780383825302124,1.0,1.9372377395629885,60.0,50.0,-99999.0,2.67,2.67,0.044086005538702,,lekki_2021_07_12
2.825525522232056,2.1306886672973637,1.0,1.54046368598938,30.0,50.0,-99999.0,2.67,2.67,0.044086005538702,,lekki_2021_07_12
1.7406853437423706,2.256564140319824,195.0,0.4556435346603393,0.0,80.0,-99999.0,2.67,2.67,0.044086005538702,,lekki_2021_07_12
2.784715414047241,0.2616787254810333,193.0,1.49967360496521,67.0820393249937,30.0,-99999.0,2.67,2.67,0.044086005538702,,lekki_2021_07_12
2.739786386489868,0.1831100136041641,194.0,1.454744577407837,42.42640687119285,30.0,-99999.0,2.67,2.67,0.044086005538702,,lekki_2021_07_12
2.616708517074585,1.3618885278701782,10.0,1.3316667079925537,30.0,50.0,-99999.0,2.67,2.67,0.044086005538702,,lekki_2021_07_12
1.0264182090759275,0.4728293418884277,1.0,0.3357773423194885,67.0820393249937,90.0,-99999.0,2.67,2.67,0.0376287288963794,,lekki_2021_07_12
1.125765323638916,0.7558101415634155,1.0,0.4351244568824768,42.42640687119285,90.0,-99999.0,2.67,2.67,0.0376287288963794,,lekki_2021_07_12
1.8365966081619265,0.2965514957904815,1.0,1.1459556818008425,30.0,90.0,-99999.0,2.67,2.67,0.0376287288963794,,lekki_2021_07_12
0.8815202116966248,0.289769172668457,1.0,0.1908793449401855,67.0820393249937,90.0,-99999.0,2.67,2.67,0.0376287288963794,,lekki_2021_07_12
0.5428616404533386,0.2220071852207183,62.0,0.1794922351837158,42.42640687119285,90.0,-99999.0,2.67,2.67,0.0376287288963794,,lekki_2021_07_12
0.7566748857498169,1.014280915260315,5.0,0.1795122325420379,30.0,90.0,-99999.0,2.67,2.67,0.0376287288963794,,lekki_2021_07_12
0.8700931072235107,0.2941291630268097,65.0,0.1794722378253936,60.0,90.0,-99999.0,2.67,2.67,0.0404283329844474,,lekki_2021_07_12
0.9231436252593994,0.8266713619232178,1.0,0.2325027585029602,30.0,90.0,-99999.0,2.67,2.67,0.0376287288963794,,lekki_2021_07_12
0.7824965715408325,0.2824040949344635,56.0,0.1795122325420379,0.0,90.0,-99999.0,2.67,2.67,0.0376287288963794,,lekki_2021_07_12
1.2752221822738647,0.0619800835847854,1.0,0.0,60.0,40.0,-99999.0,2.67,2.67,0.0416910573840141,,lekki_2021_07_12
1.4608154296875,0.4673357903957367,1.0,0.0,67.0820393249937,40.0,-99999.0,2.67,2.67,0.0416910573840141,,lekki_2021_07_12
1.1743956804275513,0.4409278929233551,1.0,0.0,42.42640687119285,40.0,-99999.0,2.67,2.67,0.0416910573840141,,lekki_2021_07_12
1.2314269542694092,0.3877685964107513,1.0,0.0,60.0,40.0,-99999.0,2.67,2.67,0.0416910573840141,,lekki_2021_07_12
0.8562074303627014,0.9503692984580994,4.0,0.0,60.0,90.0,-99999.0,2.67,2.67,0.0416910573840141,,lekki_2021_07_12
0.690130889415741,0.1904632300138473,24.0,0.0,67.0820393249937,90.0,-99999.0,2.67,2.67,0.0416910573840141,,lekki_2021_07_12
1.0173431634902954,0.5172481536865234,1.0,0.0,30.0,90.0,-99999.0,2.67,2.67,0.0416910573840141,,lekki_2021_07_12
0.5975902676582336,0.11616912484169,30.0,0.0,30.0,90.0,-99999.0,2.67,2.67,0.0416910573840141,,lekki_2021_07_12
1.0258128643035889,0.3622397184371948,1.0,0.0,42.42640687119285,90.0,-99999.0,2.67,2.67,0.0416910573840141,,lekki_2021_07_12
17.877016067504883,1.1486449241638184,9.0,3.491985321044922,42.42640687119285,50.0,-99999.0,2.67,2.67,0.0155758326873183,,lekki_2021_07_12
19.04000663757324,1.824761748313904,1.0,4.36900806427002,30.0,50.0,-99999.0,2.67,2.67,0.0155758326873183,,lekki_2021_07_12
18.818824768066406,0.783967912197113,5.0,4.147826194763184,42.42640687119285,50.0,-99999.0,2.67,2.67,0.0155758326873183,,lekki_2021_07_12
18.132286071777344,0.8267577290534973,9.0,3.491985321044922,30.0,50.0,-99999.0,2.67,2.67,0.0155758326873183,,lekki_2021_07_12
17.992103576660156,0.7468454837799072,7.0,3.4920053482055664,60.0,50.0,-99999.0,2.67,2.67,0.0155758326873183,,lekki_2021_07_12
18.629615783691406,0.8227508664131165,1.0,14.003156661987305,67.0820393249937,50.0,-99999.0,2.67,2.67,0.0155758326873183,,lekki_2021_07_12
18.57063102722168,1.369684815406799,1.0,3.899632453918457,42.42640687119285,50.0,-99999.0,2.67,2.67,0.0155758326873183,,lekki_2021_07_12
18.41251945495605,0.3316769897937774,1.0,3.741520881652832,67.0820393249937,50.0,-99999.0,2.67,2.67,0.0155758326873183,,lekki_2021_07_12
18.467260360717773,0.6038534045219421,1.0,13.840801239013672,94.8683298050514,50.0,-99999.0,2.67,2.67,0.0155758326873183,,lekki_2021_07_12
5.666060924530029,1.027742862701416,3.0,0.0808931067585945,94.8683298050514,30.0,19.25935173034668,2.67,2.67,0.02474413998425,,lekki_2021_07_12
5.506649971008301,0.9310950636863708,5.0,0.0002200000017182,90.0,40.0,-99999.0,2.67,2.67,0.02474413998425,,lekki_2021_07_12
5.724020004272461,0.4729772210121155,1.0,0.1388521939516067,90.0,40.0,-99999.0,2.67,2.67,0.02474413998425,,lekki_2021_07_12
6.429790496826172,0.3715046942234039,1.0,0.8446226716041565,67.0820393249937,40.0,-99999.0,2.67,2.67,0.02474413998425,,lekki_2021_07_12
6.207093238830566,0.701619029045105,1.0,0.621925413608551,60.0,40.0,-99999.0,2.67,2.67,0.02474413998425,,lekki_2021_07_12
5.870621204376221,0.4956244826316833,2.0,0.2854533791542053,67.0820393249937,40.0,-99999.0,2.67,2.67,0.02474413998425,,lekki_2021_07_12
6.054901123046875,0.2884237468242645,1.0,0.4697332978248596,42.42640687119285,40.0,-99999.0,2.67,2.67,0.02474413998425,,lekki_2021_07_12
6.009747505187988,0.1523291319608688,1.0,0.4245796799659729,30.0,40.0,-99999.0,2.67,2.67,0.02474413998425,,lekki_2021_07_12
5.997570514678955,0.0367704816162586,13.0,0.4124226868152618,42.42640687119285,40.0,-99999.0,2.67,2.67,0.02474413998425,,lekki_2021_07_12
4.227059841156006,3.711436748504639,1.0,0.0,42.42640687119285,95.0,-99999.0,2.67,2.67,0.1618417203426361,,lekki_2021_07_12
1.8843979835510252,2.8620681762695312,2.0,0.0,30.0,80.0,-99999.0,2.67,2.67,0.1618417203426361,,lekki_2021_07_12
1.1590155363082886,2.1122138500213623,1.0,0.9397584199905396,0.0,80.0,-99999.0,2.67,2.67,0.1618417203426361,,lekki_2021_07_12
2.953885555267334,4.245237827301025,2.0,2.57783579826355,60.0,95.0,-99999.0,2.67,2.67,0.1618417203426361,,lekki_2021_07_12
1.4973100423812866,1.1899573802947998,9.0,1.121260166168213,30.0,80.0,-99999.0,2.67,2.67,0.1618417203426361,,lekki_2021_07_12
1.7655651569366455,1.069283366203308,1.0,1.3895353078842163,0.0,80.0,-99999.0,2.67,2.67,0.1618417203426361,,lekki_2021_07_12
4.914696216583252,2.9001710414886475,1.0,0.0,60.0,60.0,-99999.0,2.67,2.67,0.1464588344097137,,lekki_2021_07_12
5.427395343780518,1.5310066938400269,1.0,0.0,90.0,40.0,-99999.0,2.67,2.67,0.2239017486572265,,lekki_2021_07_12
4.465909957885742,1.6256272792816162,3.0,0.0,108.16653826391968,95.0,-99999.0,2.67,2.67,0.2617423236370086,,lekki_2021_07_12
5.0542893409729,0.8408235311508179,1.0,0.0,120.0,95.0,-99999.0,2.67,2.67,0.1152834892272949,,lekki_2021_07_12
4.634311676025391,2.656081438064575,1.0,4.258261680603027,94.8683298050514,95.0,-99999.0,2.67,2.67,0.0378405787050724,,lekki_2021_07_12
2.300836563110352,2.1310465335845947,6.0,1.9247866868972776,67.0820393249937,95.0,-99999.0,2.67,2.67,0.1618417203426361,,lekki_2021_07_12
2.348771333694458,1.7870045900344849,1.0,1.9727214574813845,42.42640687119285,95.0,-99999.0,2.67,2.67,0.1618417203426361,,lekki_2021_07_12
0.9203526377677916,2.363985300064087,11.0,0.5443028211593628,30.0,80.0,-99999.0,2.67,2.67,0.1618417203426361,,lekki_2021_07_12
3.635241270065308,3.541297912597656,1.0,0.0,60.0,30.0,-99999.0,2.67,2.67,0.1464588344097137,,lekki_2021_07_12
4.109265804290772,2.8299949169158936,2.0,0.0,90.0,95.0,-99999.0,2.67,2.67,0.2239017486572265,,lekki_2021_07_12
3.768923759460449,1.4349833726882937,5.0,0.0,120.0,95.0,-99999.0,2.67,2.67,0.2617423236370086,,lekki_2021_07_12
4.713724136352539,1.2514605522155762,1.0,0.0,134.1640786499874,95.0,-99999.0,2.67,2.67,0.1152834892272949,,lekki_2021_07_12
4.89655065536499,1.6321302652359009,1.0,4.520500659942627,108.16653826391968,95.0,-99999.0,2.67,2.67,0.0378405787050724,,lekki_2021_07_12
1.2535004615783691,0.2631085813045501,23.0,0.0,0.0,95.0,65.0439682006836,2.67,2.67,0.011910293251276,,lekki_2021_07_12
0.971433162689209,0.5207547545433044,9.0,0.0,30.0,95.0,-99999.0,2.67,2.67,0.042255725711584,,lekki_2021_07_12
1.0250284671783447,1.3688569068908691,37.0,0.0,42.42640687119285,95.0,-99999.0,2.67,2.67,0.042255725711584,,lekki_2021_07_12
1.7587478160858154,2.6019411087036133,1.0,0.0,67.0820393249937,95.0,-99999.0,2.67,2.67,0.1768042743206024,,lekki_2021_07_12
2.394081115722656,3.034818410873413,10.0,0.0,94.8683298050514,95.0,-99999.0,2.67,2.67,0.2239017486572265,,lekki_2021_07_12
3.0509727001190186,2.284898281097412,2.0,0.0,123.69316876852982,95.0,-99999.0,2.67,2.67,0.2617423236370086,,lekki_2021_07_12
4.327054977416992,1.8785017728805544,1.0,0.0,150.0,95.0,-99999.0,2.67,2.67,0.1152834892272949,,lekki_2021_07_12
4.660829544067383,1.3500865697860718,1.0,4.28477954864502,127.27922061357854,95.0,-99999.0,2.67,2.67,0.0378405787050724,,lekki_2021_07_12
1.4440937042236328,0.3282880485057831,2.0,0.0,30.0,95.0,-99999.0,2.67,2.67,0.011910293251276,,lekki_2021_07_12
0.8642405271530151,0.6467723250389099,14.0,0.0,42.42640687119285,95.0,-99999.0,2.67,2.67,0.042255725711584,,lekki_2021_07_12
0.7519195675849915,0.3491255342960357,8.0,0.0,67.0820393249937,90.0,-99999.0,2.67,2.67,0.042255725711584,,lekki_2021_07_12
1.2028207778930664,0.8072926998138428,35.0,0.0,84.8528137423857,90.0,-99999.0,2.67,2.67,0.030345432460308,,lekki_2021_07_12
1.4921252727508545,0.967348575592041,1.0,0.0,60.0,95.0,-99999.0,2.67,2.67,0.011910293251276,,lekki_2021_07_12
1.0122621059417725,1.3242532014846802,13.0,0.0,67.0820393249937,95.0,-99999.0,2.67,2.67,0.042255725711584,,lekki_2021_07_12
0.865521252155304,0.6301406621932983,7.0,0.0,84.8528137423857,95.0,-99999.0,2.67,2.67,0.042255725711584,,lekki_2021_07_12
0.9755407571792604,0.178319439291954,6.0,0.0,108.16653826391968,90.0,-99999.0,2.67,2.67,0.030345432460308,,lekki_2021_07_12
0.8170015811920166,0.7484729886054993,14.0,0.0,84.8528137423857,95.0,-99999.0,2.67,2.67,0.0572423785924911,,lekki_2021_07_12
0.6225007772445679,0.169483795762062,117.0,0.0,67.0820393249937,95.0,-99999.0,2.67,2.67,0.0572423785924911,,lekki_2021_07_12
0.956704318523407,0.5964168906211853,2.0,0.0,42.42640687119285,90.0,-99999.0,2.67,2.67,0.0572423785924911,,lekki_2021_07_12
1.543136477470398,1.0751206874847412,1.0,0.0,67.0820393249937,95.0,-99999.0,2.67,2.67,0.0572423785924911,,lekki_2021_07_12
1.0279550552368164,0.6557477116584778,3.0,0.0,42.42640687119285,80.0,-99999.0,2.67,2.67,0.0572423785924911,,lekki_2021_07_12
1.1782597303390503,0.4939751923084259,123.0,0.0,30.0,90.0,-99999.0,2.67,2.67,0.0572423785924911,,lekki_2021_07_12
1.25047504901886,0.3094683587551117,1.0,0.0,42.42640687119285,95.0,-99999.0,2.67,2.67,0.0572423785924911,,lekki_2021_07_12
1.2233953475952148,0.2061530351638794,1.0,0.0,30.0,90.0,-99999.0,2.67,2.67,0.0572423785924911,,lekki_2021_07_12
1.3697237968444824,0.5338917970657349,1.0,0.0,0.0,90.0,-99999.0,2.67,2.67,0.0572423785924911,,lekki_2021_07_12
